-- phpMyAdmin SQL Dump
-- version 5.2.1
-- https://www.phpmyadmin.net/
--
-- Host: 127.0.0.1
-- Generation Time: Oct 03, 2024 at 09:07 AM
-- Server version: 10.4.32-MariaDB
-- PHP Version: 8.2.12

SET SQL_MODE = "NO_AUTO_VALUE_ON_ZERO";
START TRANSACTION;
SET time_zone = "+00:00";


/*!40101 SET @OLD_CHARACTER_SET_CLIENT=@@CHARACTER_SET_CLIENT */;
/*!40101 SET @OLD_CHARACTER_SET_RESULTS=@@CHARACTER_SET_RESULTS */;
/*!40101 SET @OLD_COLLATION_CONNECTION=@@COLLATION_CONNECTION */;
/*!40101 SET NAMES utf8mb4 */;

--
-- Database: `new_project`
--

-- --------------------------------------------------------

--
-- Table structure for table `activity_log`
--

CREATE TABLE `activity_log` (
  `id` bigint(20) UNSIGNED NOT NULL,
  `log_name` varchar(255) DEFAULT NULL,
  `description` text NOT NULL,
  `subject_type` varchar(255) DEFAULT NULL,
  `event` varchar(255) DEFAULT NULL,
  `subject_id` bigint(20) UNSIGNED DEFAULT NULL,
  `causer_type` varchar(255) DEFAULT NULL,
  `causer_id` bigint(20) UNSIGNED DEFAULT NULL,
  `properties` longtext CHARACTER SET utf8mb4 COLLATE utf8mb4_bin DEFAULT NULL CHECK (json_valid(`properties`)),
  `batch_uuid` char(36) DEFAULT NULL,
  `created_at` timestamp NULL DEFAULT NULL,
  `updated_at` timestamp NULL DEFAULT NULL
) ENGINE=InnoDB DEFAULT CHARSET=utf8mb4 COLLATE=utf8mb4_unicode_ci;

--
-- Dumping data for table `activity_log`
--

INSERT INTO `activity_log` (`id`, `log_name`, `description`, `subject_type`, `event`, `subject_id`, `causer_type`, `causer_id`, `properties`, `batch_uuid`, `created_at`, `updated_at`) VALUES
(1, 'courses', 'Admin has created courses', 'App\\Models\\course', 'created', 5, 'App\\Models\\User', 1, '{\"attributes\":{\"id\":5,\"course_name\":\"b.tech\",\"duration\":\"4 years\",\"status\":1,\"semesters\":\"8\",\"created_at\":\"2024-10-02T05:43:05.000000Z\",\"updated_at\":\"2024-10-02T05:43:05.000000Z\"}}', NULL, '2024-10-02 00:13:05', '2024-10-02 00:13:05'),
(2, 'hostels', 'Admin has updated hostels', 'App\\Models\\hostels', 'updated', 1, 'App\\Models\\User', 1, '{\"attributes\":{\"id\":1,\"hostel_name\":\"Matrushri Veliben Kanji Premji Kanya & Kumar Seva Sadan\",\"location\":\"3-Sthanakwasi Jain Co.H.Soci,\\r\\nOpp.Rokadiya Hanuman Tempal\\r\\nNe.Naranpura Railway Crossing\\r\\nNaranpura-380013, Ahmedabad\",\"contact_number\":\"9099211718\",\"mobile_number\":\"9099211718\",\"status\":0,\"warden_id\":1,\"created_at\":\"2024-08-09T06:59:23.000000Z\",\"updated_at\":\"2024-10-02T09:28:47.000000Z\"},\"old\":{\"id\":1,\"hostel_name\":\"Matrushri Veliben Kanji Premji Kanya & Kumar Seva Sadan\",\"location\":\"3-Sthanakwasi Jain Co.H.Soci,\\r\\nOpp.Rokadiya Hanuman Tempal\\r\\nNe.Naranpura Railway Crossing\\r\\nNaranpura-380013, Ahmedabad\",\"contact_number\":\"9099211718\",\"mobile_number\":\"9099211718\",\"status\":1,\"warden_id\":1,\"created_at\":\"2024-08-09T06:59:23.000000Z\",\"updated_at\":\"2024-08-09T07:06:16.000000Z\"}}', NULL, '2024-10-02 03:58:48', '2024-10-02 03:58:48'),
(3, 'student_documents', 'Admin has updated student_documents', 'App\\Models\\Studentdocuments', 'updated', 3, 'App\\Models\\User', 1, '{\"attributes\":{\"id\":3,\"student_id\":5,\"doctype\":\"SSC\",\"doc\":\"D:\\\\laravel\\\\students\\\\public\\\\assets\\/documents\\/1727937321_dashboard.sql\",\"percentile\":\"66\",\"result_Status\":\"pass\",\"created_at\":\"2024-09-16T13:34:28.000000Z\",\"updated_at\":\"2024-10-03T06:35:21.000000Z\"},\"old\":{\"id\":3,\"student_id\":5,\"doctype\":\"SSC\",\"doc\":\"D:\\\\laravel\\\\students\\\\public\\\\assets\\/documents\\/1726493668_new_project.sql\",\"percentile\":\"66\",\"result_Status\":\"pass\",\"created_at\":\"2024-09-16T13:34:28.000000Z\",\"updated_at\":\"2024-09-16T13:34:28.000000Z\"}}', NULL, '2024-10-03 01:05:21', '2024-10-03 01:05:21'),
(4, 'student_documents', 'Admin has updated student_documents', 'App\\Models\\Studentdocuments', 'updated', 3, 'App\\Models\\User', 1, '{\"attributes\":{\"id\":3,\"student_id\":5,\"doctype\":\"SSC\",\"doc\":\"D:\\\\laravel\\\\students\\\\public\\\\assets\\/documents\\/1727937540_dashboard.sql\",\"percentile\":\"66\",\"result_Status\":\"pass\",\"created_at\":\"2024-09-16T13:34:28.000000Z\",\"updated_at\":\"2024-10-03T06:39:00.000000Z\"},\"old\":{\"id\":3,\"student_id\":5,\"doctype\":\"SSC\",\"doc\":\"D:\\\\laravel\\\\students\\\\public\\\\assets\\/documents\\/1727937321_dashboard.sql\",\"percentile\":\"66\",\"result_Status\":\"pass\",\"created_at\":\"2024-09-16T13:34:28.000000Z\",\"updated_at\":\"2024-10-03T06:35:21.000000Z\"}}', NULL, '2024-10-03 01:09:00', '2024-10-03 01:09:00');

-- --------------------------------------------------------

--
-- Table structure for table `addmission`
--

CREATE TABLE `addmission` (
  `id` bigint(20) UNSIGNED NOT NULL,
  `student_id` bigint(20) UNSIGNED NOT NULL,
  `first_name` varchar(255) NOT NULL,
  `middle_name` varchar(255) DEFAULT NULL,
  `last_name` varchar(255) NOT NULL,
  `phone` varchar(255) DEFAULT NULL,
  `email` varchar(255) DEFAULT NULL,
  `dob` date DEFAULT NULL,
  `gender` char(255) DEFAULT NULL,
  `country_id` int(11) DEFAULT NULL,
  `address` text DEFAULT NULL,
  `village` varchar(255) DEFAULT NULL,
  `adhaar_number` varchar(255) DEFAULT NULL,
  `nationality` varchar(255) DEFAULT NULL,
  `is_any_illness` tinyint(1) DEFAULT 0,
  `illness_description` text DEFAULT NULL,
  `vehicle` varchar(255) DEFAULT '0',
  `is_have_helmet` tinyint(1) NOT NULL DEFAULT 0,
  `vehicle_number` varchar(255) DEFAULT NULL,
  `licence_doc_url` longtext DEFAULT NULL,
  `rcbook_front_doc_url` longtext DEFAULT NULL,
  `rcbook_back_doc_url` longtext DEFAULT NULL,
  `father_full_name` text DEFAULT NULL,
  `father_phone` text DEFAULT NULL,
  `father_occupation` text DEFAULT NULL,
  `mother_full_name` text DEFAULT NULL,
  `mother_phone` text DEFAULT NULL,
  `mother_occupation` text DEFAULT NULL,
  `annual_income` decimal(15,2) DEFAULT NULL,
  `guardian_name` varchar(255) DEFAULT NULL,
  `guardian_relation` varchar(255) DEFAULT NULL,
  `guardian_phone` varchar(255) DEFAULT NULL,
  `course_id` int(11) DEFAULT NULL,
  `semester` int(11) DEFAULT NULL,
  `institute_name` varchar(255) DEFAULT NULL,
  `year_of_addmission` int(11) DEFAULT NULL,
  `addmission_date` date DEFAULT NULL,
  `college_start_time` time DEFAULT NULL,
  `college_end_time` time DEFAULT NULL,
  `college_fees_receipt_no` varchar(255) DEFAULT NULL,
  `college_fees_receipt_date` date DEFAULT NULL,
  `arriving_date` date DEFAULT NULL,
  `is_fees_paid` tinyint(4) NOT NULL COMMENT '1 => Paid, 0 => UnPaid',
  `is_admission_confirm` tinyint(4) NOT NULL COMMENT '1 => Confirm, 0 => Not Confirm',
  `note` varchar(255) DEFAULT NULL,
  `student_photo_url` longtext DEFAULT NULL,
  `parent_photo_url` longtext DEFAULT NULL,
  `created_at` timestamp NULL DEFAULT NULL,
  `updated_at` timestamp NULL DEFAULT NULL
) ENGINE=InnoDB DEFAULT CHARSET=utf8mb4 COLLATE=utf8mb4_unicode_ci;

--
-- Dumping data for table `addmission`
--

INSERT INTO `addmission` (`id`, `student_id`, `first_name`, `middle_name`, `last_name`, `phone`, `email`, `dob`, `gender`, `country_id`, `address`, `village`, `adhaar_number`, `nationality`, `is_any_illness`, `illness_description`, `vehicle`, `is_have_helmet`, `vehicle_number`, `licence_doc_url`, `rcbook_front_doc_url`, `rcbook_back_doc_url`, `father_full_name`, `father_phone`, `father_occupation`, `mother_full_name`, `mother_phone`, `mother_occupation`, `annual_income`, `guardian_name`, `guardian_relation`, `guardian_phone`, `course_id`, `semester`, `institute_name`, `year_of_addmission`, `addmission_date`, `college_start_time`, `college_end_time`, `college_fees_receipt_no`, `college_fees_receipt_date`, `arriving_date`, `is_fees_paid`, `is_admission_confirm`, `note`, `student_photo_url`, `parent_photo_url`, `created_at`, `updated_at`) VALUES
(1, 4, 'asdasd', 'ASDAS', 'aasd', '1234567890', 'jenil.binstellar@gmail.com', '2024-08-01', 'male', 6, 'asdfghjk', 'Baladia', '342342342342', 'fadfadfasd', 1, 'sdfghj', '0', 0, NULL, NULL, NULL, NULL, 'asdasd', '1234567890', 'asdas', 'dasdasd', '1234567890', 'vxcvdb', 12345.00, 'qweqw', 'qweqwe', '1234567890', 2, 2, 'dsdfsdf', NULL, '2024-09-03', '17:15:00', '17:15:00', 'ewqqwqwewq', '2024-09-03', '2024-09-03', 1, 1, NULL, 'data:image/jpg;base64,/9j/4AAQSkZJRgABAQEBLAEsAAD/4QBwRXhpZgAASUkqAAgAAAADAA4BAgAmAAAAMgAAABoBBQABAAAAWAAAABsBBQABAAAAYAAAAAAAAABPbGQgVG93biBvZiBEcmVzZGVuIGluIFdpbnRlciwgR2VybWFueSwBAAABAAAALAEAAAEAAAD/4QVIaHR0cDovL25zLmFkb2JlLmNvbS94YXAvMS4wLwA8P3hwYWNrZXQgYmVnaW49Iu+7vyIgaWQ9Ilc1TTBNcENlaGlIenJlU3pOVGN6a2M5ZCI/Pgo8eDp4bXBtZXRhIHhtbG5zOng9ImFkb2JlOm5zOm1ldGEvIj4KCTxyZGY6UkRGIHhtbG5zOnJkZj0iaHR0cDovL3d3dy53My5vcmcvMTk5OS8wMi8yMi1yZGYtc3ludGF4LW5zIyI+CgkJPHJkZjpEZXNjcmlwdGlvbiByZGY6YWJvdXQ9IiIgeG1sbnM6cGhvdG9zaG9wPSJodHRwOi8vbnMuYWRvYmUuY29tL3Bob3Rvc2hvcC8xLjAvIiB4bWxuczpJcHRjNHhtcENvcmU9Imh0dHA6Ly9pcHRjLm9yZy9zdGQvSXB0YzR4bXBDb3JlLzEuMC94bWxucy8iICAgeG1sbnM6R2V0dHlJbWFnZXNHSUZUPSJodHRwOi8veG1wLmdldHR5aW1hZ2VzLmNvbS9naWZ0LzEuMC8iIHhtbG5zOmRjPSJodHRwOi8vcHVybC5vcmcvZGMvZWxlbWVudHMvMS4xLyIgeG1sbnM6cGx1cz0iaHR0cDovL25zLnVzZXBsdXMub3JnL2xkZi94bXAvMS4wLyIgIHhtbG5zOmlwdGNFeHQ9Imh0dHA6Ly9pcHRjLm9yZy9zdGQvSXB0YzR4bXBFeHQvMjAwOC0wMi0yOS8iIHhtbG5zOnhtcFJpZ2h0cz0iaHR0cDovL25zLmFkb2JlLmNvbS94YXAvMS4wL3JpZ2h0cy8iIHBob3Rvc2hvcDpDcmVkaXQ9IkdldHR5IEltYWdlcy9pU3RvY2twaG90byIgR2V0dHlJbWFnZXNHSUZUOkFzc2V0SUQ9IjEzNDY1MDk3NTMiIHhtcFJpZ2h0czpXZWJTdGF0ZW1lbnQ9Imh0dHBzOi8vd3d3LmlzdG9ja3Bob3RvLmNvbS9sZWdhbC9saWNlbnNlLWFncmVlbWVudD91dG1fbWVkaXVtPW9yZ2FuaWMmYW1wO3V0bV9zb3VyY2U9Z29vZ2xlJmFtcDt1dG1fY2FtcGFpZ249aXB0Y3VybCIgPgo8ZGM6Y3JlYXRvcj48cmRmOlNlcT48cmRmOmxpPmFsZXRoZWlhOTc8L3JkZjpsaT48L3JkZjpTZXE+PC9kYzpjcmVhdG9yPjxkYzpkZXNjcmlwdGlvbj48cmRmOkFsdD48cmRmOmxpIHhtbDpsYW5nPSJ4LWRlZmF1bHQiPk9sZCBUb3duIG9mIERyZXNkZW4gaW4gV2ludGVyLCBHZXJtYW55PC9yZGY6bGk+PC9yZGY6QWx0PjwvZGM6ZGVzY3JpcHRpb24+CjxwbHVzOkxpY2Vuc29yPjxyZGY6U2VxPjxyZGY6bGkgcmRmOnBhcnNlVHlwZT0nUmVzb3VyY2UnPjxwbHVzOkxpY2Vuc29yVVJMPmh0dHBzOi8vd3d3LmlzdG9ja3Bob3RvLmNvbS9waG90by9saWNlbnNlLWdtMTM0NjUwOTc1My0/dXRtX21lZGl1bT1vcmdhbmljJmFtcDt1dG1fc291cmNlPWdvb2dsZSZhbXA7dXRtX2NhbXBhaWduPWlwdGN1cmw8L3BsdXM6TGljZW5zb3JVUkw+PC9yZGY6bGk+PC9yZGY6U2VxPjwvcGx1czpMaWNlbnNvcj4KCQk8L3JkZjpEZXNjcmlwdGlvbj4KCTwvcmRmOlJERj4KPC94OnhtcG1ldGE+Cjw/eHBhY2tldCBlbmQ9InciPz4K/+0AdFBob3Rvc2hvcCAzLjAAOEJJTQQEAAAAAABXHAJQAAphbGV0aGVpYTk3HAJ4ACZPbGQgVG93biBvZiBEcmVzZGVuIGluIFdpbnRlciwgR2VybWFueRwCbgAYR2V0dHkgSW1hZ2VzL2lTdG9ja3Bob3RvAP/bAEMACgcHCAcGCggICAsKCgsOGBAODQ0OHRUWERgjHyUkIh8iISYrNy8mKTQpISIwQTE0OTs+Pj4lLkRJQzxINz0+O//bAEMBCgsLDg0OHBAQHDsoIig7Ozs7Ozs7Ozs7Ozs7Ozs7Ozs7Ozs7Ozs7Ozs7Ozs7Ozs7Ozs7Ozs7Ozs7Ozs7Ozs7O//CABEIAZgCZAMBEQACEQEDEQH/xAAbAAACAwEBAQAAAAAAAAAAAAAAAQIDBAUGB//EABoBAQEBAQEBAQAAAAAAAAAAAAABAgMEBQb/2gAMAwEAAhADEAAAAfK98FMKYUBTCgYwoGhaAjoGFADAAGABTQAAAYAAACFpIBQAwAAAACASAAABAAgAIArJ59tSgdAUwpgFjAYUDCgdAAMAGAWMAGAAFAwAAQBRAKAAYAAAAQACAgAIAABAECOsPl6g6loWMKFaA6BhQOgBhTABgFAwRgADCgABGohRBQAAAAAwAAAAAAQAIQAAAEiAAOf4+yieo9J7hTAdAwCmFMAR0K0AHQAwAYUAMAQCgBgAAABTAAAAAEAAAgAAAQAEACQADlfP7snuOnZb1jCmAUwpgjCmADAKYAMKBgASuwoQBWhQAAAwAAAABAAAAAAAAQBUhAAAIAOT83uiegS1LNye46lRQOwGFMBgMKBgFCMAHQASuwAKYAAAMAAAChAAAAAEAAAAIAAQAAAKQXkfO7gEqdjp1PUu7R2MBhTAYIUwCmADoABhQRynoAMAABoKWEFLnp9MgAAIAAAADEAAAAACAIEAA5HzvQ7IZoMlqKWWpf1zPcnowoRgOgYUDAKBgFMAGVYtu4DAAsBgAAMr5as65AAAAKEIAoAIEAABAAAAgADj/N9CiVQidIjm2biLuubNS7rkGFMApgFrQGFoNAAGFVc7buMACmgAK0AAzfP76focGAAgFAAAAgACAACABAAIAJeL8z0RldkqnqRlUBPUlQafRi3cKYAMKBgOgAGADCmYvLrZ6JLUAAEYAAwI4uLxd93s4y64UMAoABIxAAAAIKIggoUkBACC8L5fpB06UAEtJ2T3JU6RPWZaX9ZDyd7PXxEdAwAYAMAHTOX4Om30S/vgGCGa7CgBhZT5O9fi9V3r89vt8xCAAsIKIKEAAACFQAAAgCBARwPl+uzUhk6lTqMMlqMQynnp6js3+rM+XS708zWQp52/pHQEOiCmA0ZzPF02913bACSMvGutPXIAxmfh0x+L0b/Xxt9PABUgAAgAAACAAAEFAEAIAB535frAAZZuKJ6kM2VgFQzbN5CzaGLu7yXTGbjqrFkdP24BSSo57OmRGMy8quetHL0W+zzq5dhHM+Z7I759f6PmUAx1j8vV/O98/d5NPt8qlAsAECAAAACACAAABAAAB5r5XrlQAE9SMT0UKVkYBkqiWY6XY62enz0slhYKhR0PTi/h6Je3zAxpi8+83G9Hye/X9Hx19+IGbZ+b+ti9ONf3fkgAM5/zPdq83or689f1/moABAQIAABQgAgAAAQAACGeZ+X6wCQhDSegizqVRRSzp1CJy7eHsy+rxT1NfH0ShYtHTEfRwv6ZMb09ud/XISMHDeLjep8/6uv7XylqJlVj+N9BN9H7PylKDRkPz/2rsWnrmf3vjoSAACAqEAAAEAIKAgqCwURQUzy/y/WQAMKCepGCUHQSAiSJ52tZ1Lfw9PY8ftwduOXryWs7ePpeVXp81n1fmi2Ji83anl1eN9H2eV6W7zHh13/mfpcX6fG76vgv3zz8+l3TlRLV8z6UN4smuj9T50QAEQAFiAEAoAAEAAIAABIHlvmesgLFKggAE7J7kM0hLMia8dd3m7LVo6c5UpssjvFWuezh6tPDrDpyh9r5CjPz26lZGWrNOPbpdsvw9ux8f1J04X2POrmzn0Wpm9Hm0ef0FhLu+j4rN4QACKhAAENAiSACI6QCAARBQeV+X6gQwEOmBOpVCJVGGEX469bx+7Ti6OetfOZN9HrM2KOua98cnWXTE/t/Mz5sJYledat45nDt1vP6u725eZyMdOl8314vXzv59I2BfibPN2szmjWofY+eerzIACxAioAEQvN6afP3h6/FT38zSxq9uxpCAAQFSTyny/Y7EgAFmlrVODqQrLFgisjF2enZ8XvlnpdJfz1W3R15yh6528+le50+OOH+n+NHDLx3o1mGsQVZpWjj6Oj4Otfn9S1aPXxszqveKO3LTw7b/H6Ob6/Ps83eX2fmX9OaABIkKCBOxVDh1r8Hsp6Z3+Xtj78snq4NauvPs9eEbUAgCxAnkfm+pyxuZzSsElNdXz+nm+ji7GkLEjVIDXTy61bzs49ul5/RTdumls513bk6/Ccj9R8nP592eD3uxdeFdyx6zd5fXv8AFN3z/Uazg+rwz9s5vRw2+T03cOhLCqtSzvxz9uev0cbOuM5oQQsqlw8O2jltWTQprHG89zObtzrJ6fP0fR5nNAqjciiBGzyPg9F2OjmatyWdRsZOXp8tYNdI2Vb4tZTQV3BYDAkrVy2KSuLM79T8z18f7Hkqyv49we806xA1rDnbue7/ABd7szl/T82vnqU1o46p0lJt4qtWnarQ6Zo+p4aOWzrz09OdiZvN6KK1+frfjQU9MVenhVrNPTFvLpJY7xZjVG5o7cXqNLJLc6y6Kzz3z+9m5CKuetDUM2Fm3041efUeHts5uV6fMG7z+qyOX6fI7A3cPRj7cdvPpLn1uzcvo538d5+vPbw7dzxdaPRz5fedDj3QdOWfthY1bndcnS826Maz+jnDpjP6OEd5lz6X8ek5YduOnh1eekN56PlnK+x5Oj4vRl64werjo49JY0tS3j0aPCn0Zw+/xR6YvuLfP3zNx1kWznssq9XBmlzzN1S6fP34fDm6jAMY1mStt7c+l2zj8foxYNXndWuduel2N16yjRncRzW22qMnXhPHTp+bvOzH1zv47Ja+3PJ35vFnnc83RmZ9JVHpinv57efS/GqNwuZSyxrb4/RXt0eOOb65oyr1DWLePSjrFNbfPed6saeOj0cqevOHTNPflr+b7HuY/Xwq6c+j8z3U6nP9vl1ctV7xk9GL8XreD1+M6eR0E9SGaQ6lCtC7piMut0rynWeTVqua1Z1mku2WUCFlma9ZvWEsUjZZUpYJGyzQqrKWo9SJJFMyuYOljVeXS49VnWjh1r3nbx05MnW175xZrrN6OblrqvriedQ1mu5hrM5ZZ1ClrFvH0WM5e/GWXS8vWRg9OKtTXx68xxdiWzWY5qlAUh0oUqJSyJKiEgsUIAUsYLbm2rKJVb0khkCdQ1LPP2r68o7zXkrNDz2uWee+Bdw7WbzfJX0zqUxqneHz2Gaap1LOelvL3I7zXvNHTlp571Y6Q3lrh3zpufS/mfs8D9F8vT042zenMxa1V05xuY43yvD0IlaxwrGOgY1YEEnQIigAKwQWYE5ZLOU3m7pmvFvs2Z1ZNQxc+4tZhvEnO3h3s1aLq6Nvn6ZuutOWjPPB1wtuhz3LeMnfhfnVmN59RWU5uTSrWadzPrAXzSqFyTTzbvN6s/r8e3O8vTnLUipDR1yPm95iALEBIagI1EVBIJZUkFAR0SuJLMcrGsvRx1LPNhz2idI38+k51v5a2ZzT152axFc3TFlkt5xdMZc0rVz6Y/X4cXh91vv8PRz05WeltzFq7n3NZapbOazG6fRz1+brj786t5t8/aW+fR5XD6ufV8fTF3mXtiOoR575+kACAZPUIdEMdICQLZjSqOsxSQSosJSlSWWTWzpnfbooz0v49q+fTRzPXN6zs3zydeb3Muo+nPRJhjkWvS3N6tteLl7+f03z/R5f6Pl1Y6E9GjFOHV8O2f2cNHl6xm3rnfy1z/o+fofP9WTvjN6eO75n0K+/HbxzyPr+T0Py+mD1Zx+jNO86fF6/ITxkpY6M2QiVjClEqAohy2Z0rJTVe8KxiiSslLOXRm9XN247X8uyzrA7WXnLp59e+bkt6c6ujD155KnvG/ncPTGArzvVc695zeb1cXvw6nPd2den5zxPt4dHz+zT15bfJ3y9M9L5fbm/V5avmdTn1o9nKZg+hx6PyfTXc876nDb5PVdwzPF4n3vD3/kd8npzi9XOnpOz8L6PhPZ85DCwlmAxiqUKxyqx6SzZ50hWLUVjHTrTx3bm6ue9efRnz6Zy688ZdOOrfOzeVZi78tGpza1XNFatc9GL5zOufpd0xbnpvZt6c5cu+zWOxw1VWbOp7xlnarrjLy15mZ9/871c36fLV4e0uPXP6OT1MHv4dX4/rq65wfS8+rG9nzOi04/2/H0PF1jZk9XOvU735n6Hzn6viCQAFSiedKyUsbHRC1l1POiFqOiW8tlr0M9Jy5tYszu+Nub02dNldWazPpiFnN1nWuPeHm6tY1415uXDVvSXcu/Z+V7vO/T8Gfvx7mOkevHPy64Mplh1N3XrNdzjeT0ny/scv6fm1+L0z8/XP6Ockwe/z9P5Hsp7YxfQ81x0fleldZzPp+K/j0Cjrirc735r6Hzj6fkAJKkdOJStQYtZlNVXNmpbNWx1sa5tvTx059U75U9JPNlmx6YlFk11Oe+jqW7zKDUjqZN45/TLyrs3M7sa52bwV1dcLevR/G9eLWsn0fN0c5Nc8fXnox0sZeFHow825rPL5fh19/5/Tz/f5tXk9FnDtm9HKTOH2efpfN9tPXGT2eadz0vm+uPRz/d4rM7CvWYana+J9L517PE5YAOJLKJK5WSV6mnKizpy9Xl0xz1ZN8zHenr5rWed380To8u3SzVS1mxL+mbumIWLWad5SV2QTLnW+S6XVnXkdY1bxZVmpZy62eP22WQ9/wA2nc0Y1dz775iUVVOGcjtz8r5vV73j6MPs8unzd7uXXN35q5zd+HQ8Xtq6c83o85XQ8XrjrOH2eOU0EbIWdj5P0/nPfxyqCOVkiyaul0510k6GLdy1Z01xJ6/Per5nQ4+qrU6vG2K950XPmvRwuze1y636zZ25lRg3NLNGhc5tZjY7IDyvudvPdGdeTzrpdsT5d6+PVTFepLpnr+vwoqVOm3ELnFNdbFyazzq4XHv7PPWnvxr5ddvPpR1wrKenLZ5vTDWc/biWbvJ64bxj9PmcArI11fm/R+e78sRrMRu576nLfoGXrpynTnZ9FmeMLMHfhh6+fdy7b8dNNnSjTrOWvHdOWlfZ3M9SvUlcqyqzNZj6515vPs25uPpmGNX6zpjo8d5c68pq9K618uz5dLeHRYuP0cOd7PFQVy29c9g9Hw35vrz06QYvzuvc043FM06b8dKN5Kr3zu5do3NfTm5dfm9NfTObt5mIViOl4ff4GcdWbpxvr8dV1TbXvpVj2aMyV5Q1wr1nVjdms+b9Pk9jw79AyzWNY9MbN4r68+ZrNnblolmK5uyUtWpzul6WJjub5qVj52WpSbcanjXlu+ek3fnd/PeTExs156cfpxnpDKVz1e+buOupvjn3m/N0THn+Hvy8e1WsWr6r08oUrmvXO7n3hZXvmzRx9FXTnVviAIDf4/bT8/efTmdZRdUatG+N2d7sXRNly9Zs6Y6lzqPF6x2cdSruvGzry1SCIViAYkU1n1OV0vWwqspJS5ttXO2axrxdXPU5ryvq5bcalFDefHSHk9MbnP8AQ8FedQzZadWZfPc6M2jr554k+fr6Wd4maOmM++G7HW3V59nT1qSR1klu59q95hrkIgol1+b2eW8vWu4kXzUyq5jZrzrqS19MakxazqxtNeZ68PUR19SGsoVisSKwRUQLRZxe02RswwdJlakhZLnqZfHQxdOdef8ATw5zQ5yutU6WeT13+X0Yvt/DUo1q8nt0457dZqua8ax41d341N60UmW6j043Y6Xc9Y7HrejVjclk8do3MNcyxAiWeeuL5H0cu+SIak4z7xqKrOtjpvzc9ZK6qdLWPnXfh63GuzNQ1IagisjYrmNjGZaxdM4+j0PnvJ65vlwF2W85ct+pJNGNzjkdMWWTibVstfn9i83oyfY+RHXO3G9/DrVeSsYlPi/Y6nTE/o/Pq1myWcrIWYl4/Dpr7S/tmNyieequYa5iCpHNTz15nyvZj6c82s75oNeby+vOcovRxvpnQudNzVqcD1efUnS5dQq3lormNjAnKGTU5HbNx1uOuX1m7DFZOVRQurKitsErTze+V2l2mrOJkbulqweelFnSmZFgzJ8L7XS6cl9TwXXmiuqdTViquB5+s++b+2UyiU2rI3BYgCannp5zw97c3RNIWowXUQ6Yv3m6zYa5JDIaxXvmkFY5Sq7JxOWM1k3jm9Zrzd2HI6zp86jPZn1Hjey5tjRmzzdWNeV6zJc0TWaWuy+5ssvub89NGpNiUVrvMfyfqarbPp/O25WSohZXZDWaeWuZ0mrpVYkc0rFcoAAc1zPB6+vLXXKSiws73TOneCqrJXN0WwIEpRAAogAY1ymXrmi3TlbHP6Tpc7WjWjUiW89WazZE86tzaq5nbGyJRS6Ucu9G+OWZzLmJJ0LNlzdqWeb13Jb2487vy041v5bVxzu3Kmt/Ld+d83qVgjmlYkVCAKSr5/t5es2HT1NG84tZlG+5ssEVWRZlGkk1BIgoHLKAZnt5nbFNaInGLbp8qrKKrqUUc9694zl8vSy1898PrnJ0xZLFpZ66Ncp3F2bzcb4XPe/WL0oqfo4S1M/n7dmjpijc0Z5irGy5ssrdkAKIrEAAC835/s6B0ukvsaByLKtTtRZCsikicOxCRUAOAkoIork9sV6mnFmY9tWFsUVZFdVy2WWxZGzF040jg+vjKUmq5smZWIwY1x+XWOsuxQG7txea8NXQ8xZdW45LrfXWY5m93ahRAKwAAEeh+d7ppVpGixJyukVkrOnhCpxGynWZjkmTlAEMYGWrZOB6M2p0uWqtOfubMr80M9lWpmxu+y2iS46XLVubi6Z5nfnOaUsyUkjl43weHWW8iAlWbGLtY3a4i6PVmM0+UWNRzrd3zZuAAIAGAHp/l+6vQsYWU6UalWpTqFmrLPqDNWoIyFmjNulsicrECZNI2cvrJJ0OeqLMm3RwtzdGbFMu5XLk01o4hWrLZjdubye/LLvI1EqK45/Lph47AsAJ6gSCLWbXPT2xLWtfSQzac71byAAAgCgHX8vonnRLEnYWTinUZIy6zm3m2Loy6lFXGnK/NZXqSi7OkZtTNqZOktjo8ri2y7nb4aCRCzNqQMtu3A1Kasi/N2Y1KXwvSZppoi7eYylkcVAtvPpu5dafRxy3EUUkMaMte8XXnDWtHXW3pziOUABoKIGnw+62SGj1Li9Jk5FZHWc2pRZRVFki415XSxRkK0ZsoyaaJOH2y7bI3c7Tph3N/O47OtixKNSC5h896unOQiw3ctzjmW+T9HO4lvO1M81UjoldavB7dnDtT7fNlMDnVlPWEQzY8t2az3fdxaRoABwEoaiY/D7et0zMsJWQ1nRlNI2c/c5RZF9jrTFxKLIZXZbLOWRiq5OT1hV2WrNzamXTrcrbCM+pCs1X4uK3ejQJRfLdLoxrzvq5ZdZuS3NqqnUrEC7fL6yzN25wsz87VJDKVRgivF6Xoxt6YjSQBWJJSsDX4/XpNNldy7Io7JRzOmeRnetJUrNENNBZLYIthxJRMduXpmmlV8mnFx7ZtOlzaM2cUaldYtMls4nZbGPnrTY7Oplv57ZwPVxYCI2QoESzuJzsbnqVc9S1kuKue4Z1Z0yGlN/XnG1ICAAADteb0RuWCRqcBnqmxLTFlbZIGiWuyzNYqsiUsLKS2OL2yrRNMunFzamTboczLIjVNTipdWXM3J41sstgKZZRrzVvPJ78moRRUANazlceuvtlJGXZrlWubGo51n5b2d+e7WI2pAQAAAf/xAAwEAACAgIBAgQGAQQDAQEAAAABAgADERIEEyEQFCIxICMwMjNBBTRAQlAkQ2BEcP/aAAgBAQABBQLv9Tv/APh2ZmZ/8WO/j3/8Z7TMB/8AGfv3g7TP/ixNoGg/uT9bPf8AvhDP1457g4geZH9u3v8AV/7P74eH68MfADgK2f7ZsE/V3/vz8G3bxxMZneKf7V6iXVdV+me07bD/AEA7z9+PvBk+HaZxOr26sWwT3n+f1896e6fTsiLmIMf34Pj+8QwCezTYzuR40/Y/v4lvX7/T1eVD0/BbYBKrA3xXe2xEr/0ecxvfwBxBrCRO0Gs9MDYDklg2K62zXYdiAYhZSO/hkfHa5VuucLdMeP6K7Eehvhv7laFKIQp/0SnE92/ZPeY+DE/eYjZFhwvv4h2BLMZkyhmYY9fwW4D57otbs4Abx8pQBbQq/EQ1hUMAVw3+kBxGOfDPiPgyDNi0GM9DM8tYYeHZnUidOV/LjO5bf5vjyPulZnvMeN7bW3WeGJiY8KXiXRrdn/0mYT9DvNu2ZUgtZS1RGmLbAsRotuz4hV2m2p6iTqpOoktYO2BA+JSfl9epjjsQ8ra5a7ltL1FukffHytaZ1EFobA2ImfV/oM4mfiwMGY8f2oXXyK48k4AqYyyuC/szq51QKE7L3gGz8kbFeOI9KhaqtoaTstGS1aqx0xUhdj1qauLfvyBzVY8jBpZO/RE6SidOuGrE9PScAnK4rfqD6v8AliYmIO4/tM9vhGWIbKqxQVsN93xnLbib19OmiljdwSZXxbIeJduzBIbkMrdVcovUoXV7BU8dNTxCGf0mcig8a/8A+y+1egp3HbGe2QBx7iqdc4SwFeQ+pDbr9M9pmajYhhOoZu0rs0U2IF+uBCuB44wcwie/gsT00WkEYPmv/qzLjge9fFAa1n9COxFmwBorMPFWamturcRtkthZkGdgQDs3H5DoarTY9Da9PSY7COZQD0k7V8g+m49qfxfQ2BfHhhbISogdYgDTkVdNsGFTP88fXEPLzxJ2gOIffw/UBnW+WbSYnLPV80jW+YTLurRG9HDIF7WrpSRnkQepVsLFl9Kr6SmSU7AGOu0ZPl8V2Fat3c5WzVAMmfMcjjbSwT7KlRrKrQwYI4o1fNeBXlYblyCGmJiWHCIfmYLTprNRDssNmY1mpstexkhj/dtO0xD28cTHhiIF2u6ZsmJqZjsoy3C4iclSnqZCs/cxmYx8GJiYhE9oFzBkMVOtWyscmovqK9drQTXSCK2HfB0UfOxP+kbgobC9ivow7VouhrXIrXJQbdJSughqXYoMCsTQYMx32ZT5idYYJ2t9jVZqOquTb3ewMczrDOwMG2O87GZXDQWd/wB/tCM7JGu79eAQKmGA8K1Rhjw6uZweS3HikhuXyvMN/lONYiWct67LfDHb5HlxKqeoyVAcjm1LVYuBOiCMjp8enqLLeCyhKyl2jaopKWKyRnyqAtFtWWA9TTsriG6y0ity/XZYeVYZ1rsWmxU2sFC82xYOQblHdagSVT5HecagWzkVdNyJWJUubDjZUzMdtPWR6ipJ6RESlclVphyW1mMwp2InUZYGOevgPYSfeLx3YbGbGbGFjNjNmm5gsYHrWSixja1YeHinYghv0Pb/ACJzO3QB9a67BgsZsu7bBdOidetlTBPMd25TxXzaeT6E5AFVl+5LdltZCHSG3aPyiZ1WwrWVz2FZAbCZZ/R9zdTA7ldmAUFEq9xyT07KrEnFZw9vUcrxLHQcazPTgr2llS1zqLEasnetES1NrLhnZiKmAqRgps9URHEe35QuVEZlJe0Gu019PIyjqppNxTx0bX4uvaJ1XyeRsQKiR0MendVqI0TDVKXWr1vUsNaiapr2g1gFGf8AjTNUJSds953h3nzD4ZmWgJmZkzvApMIImDO0yN6yMOezdUyquwujmFmK9QiDk248/bjz1mz8i0wcq3VrbGneK1ijewwkzJM9U9UwYAMtWYzlqsYiVtYRxuUam4txSynpnURLLax5ayeWeeXMFZA6Szp1zWqYpnyZmmbVTKzcQWkQWuD1bc72mbPMtM/GviPeCE4O4nYr+lHq+3wbu0T0y5xaSJiOR0q9goouvZDbxrVLam3QtfY8AJN9HSOq9IIYE2IosEFNhOmJ/iTONXWzPSS3l2z0Y+UgPdGSrju2zniNUa3xZ19YX9RHeYneYmsxMePaDHh2mYZmbTMzMzP0BMmBiICSTsJt3Q4PVsnUZhu2Opqzrka92r9XQPSSpGUV4YqCa+P/AMfy5MWl4t68ccu0WTiY6YXsyZnQ9XzYA+vXSbIZbbXTPNJDyAYXDCAlZ5i6dWwzLwkmDSW2ErWxWy+66xgXDZsnqM0mk0mZnwzMzP1BPf6i6EVipoa11BbCkmakw8d80JiFTnvZPL+jy/c1KJqmLOQNhyGM22YjjiG/jgqXM7sOiqvevJ6grxF2FRpbIturGz2noATozp9ul2q43VPlcDpiLQOnZV36Ubj9qKQLuTVtfXWOp5VCHoAv6ffSafQz9LAmPiEx8GJoxlFFhXotXF12evVgsy1keltalxFUqrXIvIeww2MzdOxiKlqWzn1pG5Frt1nlbg271A8hssG9fIP/ACLX9ShhRgmOncDD2IRMSpAxI9HG7Oft7Rfwqu59m/wzLDFY7E+l/wAze+Yv2nxIxBMfS957eHb6H6qpeyV/xtk6HDriW1h7XZjjuNpUhKBUSUvrHsSyC2sFrHIxkis7KjJPOrGqNp8tZKOMGBpBnJ46V19NjK6b2UcS8G38rt83fampMQsqRbama4eFHu34ON97RvcL/wAfjD1P+X/G0fI96R7v2qs+5/ulSDp/W/cz4Hv8VdLPOnXWaW44azlX5ybSvv68VVsa1rxOoBFFi1dxe9rmpX6lbWYi5cAGbLx05PKfktiCoRQ0ovrpXzNZsUpaaLOk+JtXLbq84psq8nAMTmd+Jx/6i72Mpjfi4/3H7n+4f0/H7y38oPpuHyFHyNYWJpsh8K/x/RE/cxPc/v4NS8WixolGbm02xNrDD6IG7JkxaHMq42SxStamtavp4gLiZJN+RYzbcYaUV11ZmF2WyhBy+SeS4GZprEBMCKKeWPnqvq4TLXU9uz2WsZXRZYvlbhOg4FXJApR1xaUKr0w932mUxvx0e5+5/uH9PxpZ+YS78KfgxD+N5iESv8fvMfS9vAdz320MTjXW2D+KesdJd6+aaJZZY73sHYEQGY7uqzpHTJqNfJbUHMV6sm3JLqoztFvbqJtyOTtXpXU1pZr0dbLxOdyDYuDFXE9yWWzgFy/HfjjZOJQQKyrPS2RwGMq4ltMuqtK9Ox4OA+DTdXOThqKe9rnNcph+yj3b3b3H4ONLPyy38Kfgn+J8DE+zImfo4hXsvDusnT6V9tPGrvu5nGpSjkNRX1buY3QauHVCORWZY2Si7v5WwSvguUPHCFuK71rxKkAq2VKsS3tOmK5WC8sPc519GgRbLvJ8cxeFWJ0dETlspHNrMF3HaYraBnSdQqnVxHNlgCGDadQ1tu02MIydmm7Tk9xT+b/olJyD9tXu/wBxn/VTH+8Sz8Sfin68V+2e3wiBOycd3i/xd5ifxtSyxOMKL/5BaW5F/m1O1VlelaF2tCXKE7mLTsF46mMB1K2Xo8XkO/Hw0bYTDmd1HUiW5jn5lmWVbSASxr37OoVKayqCpGZahObivhpFWtoeHVg8Cog8C5A1HNAW7k9SYj+ldg5FwE6zGX2uhXDC8eu+zJSmwOrfJxOK3Yn01+7e8H4qo/3CP+Nfx/Cp9J7+GJrApicS8tRwMxOPxePH/kKEFn8rbHuutiXnj022tyGd8RjtK6CwNKl6+MDEqxDhYb1WcjO4ZLCnRVNlh1aZEOCOlXAgZ7LPmJnR697R/TPhi6rOn6lri5nPGeFWcCqtXhRgCuR+vdeSFRT/ACV0PM5Bnmr5RY5enlMlocOvOG99YIS30s/HrYp0iB0Fm9MoNansVX3PvP8ABIfce7/aPt+Ffticd7JXw7DF4lFctt4yIv8AIRuffZMM0FU7CEDNyfL6Yi0dQ3V9K7h144ZbEfkKA/KYwV2NBWqyytbC3ArzUjUjZpmZMDGM5Jvs0StSzMxArJa1R8jZDAduRYu6qlywPOQyPxESJ6GzNzOSbg+/K1ua08fxTKlCLFo5LcZrk60rZUi2Bm3zLQDfaFB+XExMekQwwH0iH3Eb2/XwqezcSmuNzOPPPW1s7WvBWWOvcEapZ2GZ7xUbbk1aUDWAHHPA85Tey8b5zny5xTRpMTExMTWazWaxvQH+TX3c11YFvva6caOQKEPdfvAXKDE/TILErHrS1I3JrEbmoIecxnmSYyu88vDQ06TRVxKa7GpXiXzo3I3TYwqwnqNXAqS6PwOOYOJxGs6VCMrnb1a3JcE6dlkUEDxPt8QbswJioxZl0iEEnM1JLppZSh2FWIxrtKcdw3N4/RTzC1qbjZOT3v8A4+pH4hExMTExMfCSFAlthus49UdtVrHf+QWNk1hWyC2wssWJyxOshCW1tDXi8rs5oi8aDiiaYRjivxajZa+FYLLbKEbqpbLEeLUc+XZ6eNWeNOq+AHyqu3Iuq1dqsAcv026NXUSxh+l2za2tulaS1gwVayuRk2hT18mqupo3RVfNWEWBr0TiHdKa6xYd7f4l/wDh5+l+S3kvvYE7hQFv96qMjlJpOMW5FAoxHOnJBSGxFVPJmEUY9D3dEwdRYLoL0MNiRvUpWBTAh1XnFK2se2LqsIUhdknVJetBqVVp0axFUIPDsrcioNGyJV9R78xzUo6ikjq9FKld7OKihkDQOFnacfYtVUq2VKqr7S35lb/xwxxlPFAtzNobAJnw2mZnxrOtTg7UjLkSwfMUMEsRnWjRKtKTDVX1/KceV8NUfytDQcDimNwEWscoqfOKVXkoW6iPPTOiJj1HdB1GwLB1+qkDq0/UsPeo+kH1eGGmzA5yGlo1ur+oHMShBCtdVllmy+Zr1YmyDtDx2siIuGrRR1GESzvtibzaZExPaZmZsPANmDwsbWq708f3NGNtsTJ3FmASjrqFIJ2tY4UkhSQRAoEE5/EUcg/x5h4N4h49yzZ0g5Vywct9n5oevj8tEre6sshoeNWpgRgQ5Ef12VWrNxujrYMeBXMwUm6tLqDbK9g306z0Sb62rTkBUe9rW6QAqU56KhkXv04aAQudVUagQkfF2+ADwu9U5PrdjiUtqC41yc/p+wwpWwqCxV6arFsrnUWDlUTzNUvxyqabARmbR8GdGpo3ApaN/HMI3BuEKWVFb3yOTZKrFax6u6B6yWPVCeg7KycxhF5NLRuQgllj2T2ickiOabh9Nr7ma8tvTxjay8PMWlKxbxi1VXKZqqnVgz4hUEn3xgzEC4+DPxj18m44uzK/ZlGo+4HsSTNO71GLW2vHyQfTLFDiqsCLgwTl0Ys6cw4hKwGueqdQiK4M/kFzVx7Wot883UP8oS1n8ja4rv3GXEe+6hlvquV6dYKznOPC01rWjBlzmZz9Pqcq9uPwHS6odOaM0IIhWWDW+oCdMMAoSYBntNgPjx8J7CkRgOswGFSf4Z1ZScbenb1k7BGwW/qQ83wQ8V+8dQ6d1MPh06500nRScxAlfwpfmcgIRSyzqWI3mbElvI2CWUlbKWacXqPeaayKtun9LT1D2ZdmAmpmCISRa6DZX6Lb9gYXjEQdoW1i3KZt9C9sKmKqQcv7v/1t+IZLYEGDOhkvVoNQZenpQjBK5XEBCxTkCcmrYD4MQCfyH2DwzMzMzDK2xFzGIaAZBqWa2ADqoK776jWdl+mxxFhmYe8Zdg9e1Y2moDekTK+B02U1gAazJnVxAxMB+H7+RzDipPYfdsdbXyFxn3IWd407CWVh6q+0A2OpmMxHwR4cirRsibrDcsPIE83L7ur8QWMMQTEFxgNZg6s6gEQgx7K9aLF6X0tjO0Bgds5ad894dg3YgL2soJg+4tienBBhtfUBoqmBMeGO494TgUDty9du4FXdx3Nx2leNwcDwbuHBidpg13j1wgzvD3iLhvaModOR1KLuoxmWneCswp307lO+k0griUbL0czGp92MxAxWLyHm9LRqu3GX5P0la8myti3TXYDsuwItEVwZmZ8Gt6ksUQuBD6jiL1DO6wZh2DE4mnceF5+Umqo5Jsx6aB6hLmET8jtYILr8q2RtmK8Nhxano439OpG2vcrjwHcCfyHG69QSazSInZ1w2JiYmI6ayj7D2YqIyYJmvhqDPUsrPqrOV+ki8gNmwRnfUMYaoM4zMzfEtvDwqUi3NAAQBoer6t53xmHMAZpqYJmPluTe2KwhAb2qhbBfIin1ZXPbPaMWnbXdQzEMuMHedRILkMNtMW6ZJgnL44qsWuawCOgM0mJiYlvsh1Bbu3tCs9vDE7zE4mdT9DMzOlcoqHbtMqPAnxvxnaLUrKteylXnQsYJVqUGzaOIS4il8iHPjQuXvs3Kn0MTlSMLkR/cDuv3AzcZZsjLAXN6tzCWMUGDtHrtZ6zakFuJW+1SmOgsQqUb4MTExDG+3Mz4CMkKYmfHi/T2MyZt4aid/BrMLYqkKqRreyNtCAAm02MZjNtR7Tt45lz4VR06XbY6mH3r9ITMtPfHfsRqWH7bYjIzqhXy3q8qdsBDVR118mc+UM8p6fI4Yry1C8iXKtyfQs+396zWKO+vYpGSGuEEGlfR9L//xAAxEQACAgAFAgUEAgICAwEAAAAAAQIRAxASITEgQRMiMDJRBEBQYRRCI3EzgVJggJH/2gAIAQMBAT8B/wDlRK//AH+vxPb8PRX4Xt+Jr8IoKvxT+1TH6iVmkkq/FUVnFJx37fYIn0xVuh89WDFS2IYUZGOkqS/GyML9kqvb17JO+lJsaa6sLk1NMxvd+EXRub5bm5TEqJRfPyMXXoenV00URiuWSVOuiOC65JQ/fVCDsjgRa3MeO+345SIStaZGIoKXlyeVbCRSJUYXmg49MStyGCn3MatbrOPuVjwoIn9PCurS5coi2ubMSN8X+GXo6k90S3diXyfx32JfT4jdksDEYlKKpoakaJMjcRwceeiOWE3sPnNcn1T1VRjYi00urClqRGSZOdL8fr2obOeTCxNtLKMSSjRCXMkQxbluf6J3Rj+y2ujDj8iSI4mklznhRblaL+UYixH2JQ0vc7ChLVwNSRXk/Zhy0xsc6oxH+I36owjW5/GXyfx2tjw3VNDjGj+QTxYz2ZcVaTKIPVsyW6Mf/jHP4FN2TlRr2HM1NisoowPcWqbZflsnC5cnhfs8NDwsPuOFHl0D0/A3BrglGvw1FZV0R3oW/But2WUjY2KTZLCh8EsNykeDNE8OTTRLDlF0zS+xJPlluqJ8EW0RdmJPyJEWe2VmN7mhtLC/6FLVuXsWWlVmE7WXBdI+plc/Vh9PJ8j+ng1RifT4kOB6kWzUxO/Srr0yH6Eexh7InwdjsUT2WV0rO52H7bNTNYvNwOCXJ2uxWymu5rkYKlNOTXBGn2E99yaUkKGnJOtzEkYHtKMV00SMb3+pguOvc8WAsSJ/0Yka3RT+Cv0P7BM8REt/QsWLSoeK2LHPEjQseHySnF8EZI5TJTRF7D/4yjDgnKmaUo0aFKNMeBA8GNH8eLPAiitODpRgxkhoom9rNLcbQsOTZLB1FVssuxJmJg69+54Mq4MRebKuijRF7H8ePyfxYfJ/Fw/kf00V3PDXY3XDJNkRk8qKY1XXCr3J1exeVZLLw29kSwnHnNRscGuiiihopoUWK09iUXVmHqR2olgxI4dSsxFcTDjUSaK2F7xx5P6UQs3N3sTjtRBKjQsnH9mnOiv2OKErNJKI4mhmFHszhkZv4Nf6Nf6Jyb4Rc/g8VjxGLxPgufdFy+BSfwN2aX1sbYnks6+ByowvqI9yUoqNIvcswpKjErTvn2PLQkKKIQVmIrjfAqRoRaow0jtYpQkaKkbZS+UN+USIkop7i5Gy2+DS3yObjseLI1z5JtpDvSPFfwYctSs/0I/RVDairJK1aKIbEOcqy3JSUSTbGssJziN6maSjQOBpNLGihIWA3nRRXRZNKiOI0KpcZJilsXuOVm3hsveyNWakkOfmJ4mpGzihSSkaosUjxEaoo8TzbniQZrjySxI8DmuBYtEcWJ40TxV2PGNbHiMji7+Y1I8VEsTY8bajxNhYj4EI0LVY4p7o7bkl2NK7nlSs0oUUKmWi0S0Pcgo3wT0/BGO/BG6FGmYk74IWmatjxEiTTJSVEtNDIOmJ7b9GpXXXoiUkKXybG2SrKmcFlotGoUlyWizUWzcot5VmlfS2lyRnGXBWcB7MU0kKZrRrQ8RVsLE+TUeL2HOR4shzkbkbpibG2Xlub0LklCROd5VZplVGhtDhpNizUjUjUbc0Wy38G/wbm5TKZTK6K+ws1Z4fclzk98sbDc40j6bBceSiiVeGQTJptmpxdM1amUNi0vuOuxp2Fhs0/o0nhtjiXsWQXc03uVueT5L2I8nC34MWSlLykvKKciNovcbvLX6ll/ZXlSZ4cTREcYo8RQHvub9iOte407EcORHCn3RKEr24KrYUYd2f4yTjexN2jDmoo8Yli2axSXc8SlaPGHjNHiSqzxZGuy8rLLzhVn1GK5RSXBF7mI7fBqeSb7fgqNzgU0Xk4WRwJn8dLln+P4NdcEsR92XZqNRqHJls1SKbMLy7sliNuqJrg1ycqJXk4iix4dGg0mgjh2eFsUiMFRKKFAlg+UUKZKGoURxVGlKQ4opGj7LYr1KY0xwbI/TTfYj9Nat7Hh4URTUfah4jYyy3Y2Xsai3lpRVF7EWid26I4c9S2N9SN9Y03dEY7Eo7kFwToow4p8jXlMNDyS8pCClyNVIiriYq8qEvLkx+4eWHG49Cfrv0aKI4WJLhD+mkluzDw415lueIlwSxWa9tzXuMUvgb2s1Vwf7NfwWX+jUjZ9xto1MlhpRvJV3FJJn9kTjuYflwyPJfyRmm6O2UOCXBhjGL2mGT9xGflMR+Ui/Jk+CXKHzlh7R9dekotlJckaI4XdkXCPCPHHiGvYc2WyzW9Q5Mi9KFJvYckjkrOyMLJxaZT5FbWVFI1LUhpCdxoRZH3D4LMMlwYZLkb3F7TDMT3CexLgXsy1bEnwPJcfZXlVmlmnfcq3URYW1mnfdjlp2QsXy0Rk+B2WzzFfI2+xb7lsj7xsob+CiuiGG+RJJGN78onDKXYtI1qxziKXkoiYiuNEISUkS4HZgj4MIlyS5F7TCMX3CZN+Ui/Jl2HmuPUrOiihJEYNvY0tnhyq6J/IpJN0hSfBXySS7FbFmoeLFHimpGpGpFl7mo1dUWOfwa7Rj+WSJaWrRJt8D3Ow02Rcospt2UzdGtNi5J8ZYLG/KYTJPck9xewwWYvuEYnsI/8eXYbzjwWy/SY4lUbCjJuhfTR/sxRhN+Xg8TRsnaHiaXcdjxk+RysirZoKNBpRQ4/JSNI0UVn2LzlGzTI86PEkiP1DXYwsbXGz6nixykzcTfck6LZbytmpn9hck+MsJjexhkuRi9hhGJ7hGJ7CPs6o8ejRsbdiKbZHB1bt0RwMKvkxIaZUQxIxWpq2Txp4irsJrsWbF5Lgi9tx4qQ8RsU6PENZqNRY30PJZdjSyOHY8BVsP6UWBiQ2RiSxK82aG7LNbEm8mad7LQ52iyLG9iDG9xiflMMxORE/aR9vVHjpo0M0LuW/6kPp8SZ/HjB1NihGPEf/0xHHmzXtUETxJf2HvuQw9rGlnRpY1Re2VdFdDfUs1uzgd0X+zUvkxtMomg0o0okkiOWrc7jLKE9qy1Uy00RJDF7SBLkjyS4FwPpjxlpYsMSRaE72IRhfz/AKFHT2SHix7ux47/AKqh7k1tla7kuSL2LKNkPEQ8Q1Dka6PEZrNRqL6+3S2yDpGo8QxHfAsPE7GhqG+W2UhbPKafImXtYsTUYHtHwWhnYiSyT2IkuSJLg7D6EJ7Fo1G/BVP5Fbd8HDPFlRqys1EpWW3kxVQ50SxGXJ89NFZUJD6KzfHSy6iQlaNxS+RY2xPVVnimtGpDN7y2snhwSsTXZCf6ISaRKTGmldE5sjJo1GzJRiIQxEuDsPoQmOPwK7OBTvKhqmR2HIuyhmk2XBLkvYoooooorpb6VnsUis22OVIjiyZqZ2MD20Yr/wAbyoiTj5FR2obRyaJPgX0+L8Dw2uSy2bklaRpoplSFBitZMQ+tMbb5JbMqK5JO+Db5ysso0spEt0akWMT+worcooorOyTo1JnlNjYwpImtUScKZREctjXZZYpGFdbkop8jVMrp1GoeTEy+pFDl2Q9KNSLZVlI5zTNRZeTUiOI1yKaZZqL62Lq1FvKy85QUjwUeG0aWXJGsWIzVfJqRRXTh+xZTz3zZHgkX6KLFJ8ISXc2T2GzWV85M1bGo1mo1Gosso3RZZeV5oeS611N0KV50aEaELDp56mazUWYeJ5EhNUS5FnRwWhNouTe/qJmrK8rHPovO/t5dT2zizYbLLyopFLKGK0qHjbjLFMtDmhybyU/k1RfqUMrLUzf0a+2llfRLLYRZIssiMo0jhZKMomow6kMayvLSh7Fi49Pdi2/B8+lZZeUOR9MsL/xMO0yToVONmkjGuTbgXZDSZ4a+7v7Ks48j56FlJdcOcqKKKKylG+BqiLcTUrLNi38l/JX3l/Zr0JLo3KZFV1WIZfyaF2HF9ylnTGt/T/6KKNzc3Nzfov7pFdelFGxZqLNQpFlmkjg2jTWXbLUaYseF8ZKRJ7/Y2XnfpV9hYuSfPoaiy8l0JkvKkYUticqkKhizstPklFV9jZeV5X0X6T9VEnb6bzkq9BGLLZGFMxXbIvbK+n/ZPn07yssvqvr3+0roVGxWbV+i2RY82Jmron6eossv8HRH4KKZpNJTzkr9FZWWN5pmrKT39P8A/8QANREAAgIBBAAFAwMEAAUFAAAAAAECEQMQEiExBBMgIkEwMlEUQGEjM0JQJDRSYHEFQ3Bykf/aAAgBAgEBPwH/AOGrNxu/7LXI9Of+zEWKX7xtL/Y9idCf7p/7FG4UhWL9w/j61+/9+h/n03yJ0KZuX7eXa+t/7n79emvQnSIyv9tKn9Z5Z2Lr98/RfFeijs5Iv9rkxty4IR2xr6kpVRv5uiErb/0C5H36OxWy64OPkuujzeDzBTXzpOTjkpfP7B2YOn6ZOoti5Xq8RJxpks0onhW3bf79PVlDEjp6bn0dr0YftPE8U0Qvar1cvd9TazCml6ck4rhkJp8erP8AabU0eG+3/R3ZLVOhbRuJwLYXEU0uictzITSjXyiErjbJuxJsjaYudLWnmLfs9M50zzWSzP4Iy3K9WSypvohPm0vVmyIlmadI8NPjn/RxdHzo39ChqnaIyns50RYptPgc5fJbMUpPsz+zKpenJ2MyZdqujw+7ylu1ne10fqsrfCMXiJPv1OcYktr6aMU67r/Srgk7+jTQpcFnnL5I+IxpURz4/wAjcJP2s9pGcYk5eY1Qsqk1Xoyd6ZVwyP2rV9Hg47ezDj91+rNDayeIxYv9LY39HaJD46Jwv3I5IRslH4HjqPGnC5Z4f7+GbkbkWjJK+h2OG4xv2m5WI8TljCFP5MkcTle8wSxJUpEMlx4N3JLItvYpJl+/+DJHdKiMbbMa5/1FKuRleiUnZ+p56P1MWPKu7FPk8kjjcTbLt6SVdD4Vnhr3IWNfJKEaMcL5Y8fPAsZtSdMe0j2KR4+5YSPgZuST+TDFwzbLMc/aeb/B5j6FlyfBGe7gqW/sipL5Epp3ZGe7/TWbiy/Q/kap8sdS6HESWlS/J7/yPNlS7IeJSVMlnx9Mx+Ixxa5I5IyW5DkiLXRtV2QVO2NJko0Yoe9skhrdFo8N9qbI4pPxTlXyOOzg5sopu6M8FuHBDhzwY47jwsNsPqz8TGPXIvEZLtkM8ZftENr6LJ8yZjTs/wARfZpj5OmZLoSJJIxU5o8qI8SH7exTfwXzVDpG5P4KiZpKHCfLJ+LWN1Nv/wDDzcajxIxZ47u0eYp6NfBjieIa3kncjCr3GNdmH7Po3r4i9nAsWQeKaG6+TBl39lr8if8AJH9isPv3C+j5fNigiWBVR5MkqPJkRg0SiZeiMGZF2YOMkRStGTI9vBduzdTsWWR5jPOZ5rfY5KWY8fjhu8xdjjwjFGpGD5TNyjKmzzYpC8Ts5E93Mmdy4Y2oysx12Y/E7HXwfqI7uzG7j6r+DzJRTY/FSXwfq5/g/Vz/AAR8TJ/B5kvkpS4aMWKEVSRMRi70s3ITv1UTTr2kFLb7vSyUmnwbuLIzT61sT9FlliZZY6+RS5onTRF1NUR8RIeT20RfJN8kWXyP7RMX91yM+x1uJqCRjcVLohLm0jJKW4WSRKToU3XRvkn0Wzc+qN7/AAbn+CE3dWSltN5GfAqHJL5MsvlHa7MmFN8MWLjsWH+TFjS7ZWP8nkxFjSJeXfLFHH8M2JfI8f8AJGNfJcdWimJG0RGMfklFfGlFaOaa5Fi3mXw8qMWJxd65oSa4MMZL0e/f/Gjk6syTey4mCbenmO2mU7Ms64PmzzJR7PMTjwOaRvVmOaYuyU1HskQnwZZXQ4fAscIK5MeRJWkeXGQsMDy8d0Y9kpVR7Hk2n6aD+SeLY6H3yTJTrImOVknLdtRim32bjK7MnERdIc6Ru91HmLbuIpyIxSQmNmRRn2RjtibkXRv5Iz5NxuWiY5D8VCLostllss5LLNzMeSW7knjjInBx1rSqOd5XA7o232KPBGFMp2OLaNrQ42eSeRZ5dRqJ5Er5PIdmPDtFB9k8O7slil0LC49H6b8n6dWPDF9ix2Tw2vabJH6d3uI4jyFdnlU+x4o8uyXLJmSLcUvgjlTMndmOkPKh5bZ5nS/JLJtIzk3ybX0SU/gisqa5Mu/b7WY1L5ZJqjJ997icnNVGRix0uWT2tUeTU7seFylZFSSMcWpO+zHKe+SbETSkicI316Nkqv1+bM3yHXxpSGikVE9pRsHE2s2jjrSPaKjc9dzLvRuhehnJZZzZMXK5PLJxpDwy+COBqVHk/keFN8HkRP00SOOA8EO2RxQXSOCVcDSFWjKPkfRGSIY9snL86OVdn9LzfM+SPlwm5pcsjLccjijypHlSPKf5EmlW42R/6jbD8lY/yf0y8Zuxm+H4N6/BvX4N38G43s3yNzLZz6q9NaV8m0jpPloiMXGl0WJ2WR4ysm0xZIwXI4rJHgraqE7EkSnJfBCbkuTdySyo3V0xyvtnmxXCFOyudJ/gUtvBus9yK5H0ZI5MudxRji4Q9xBrIuCcIpWycVOqPL4EuNNpb9da0UV+wumJ2ymcm6SHORvdM3SZHG5iq9ulCn7qZOf4JPjhkXxyN+4vTynK2YYuLMsJSfB5LIY6No1+BwUnR+nQsMXyeXG6PKQoUVrWnOkrrgwYkpOXySVowxUV7SSTVMWlG0r9lZf0mWWJI4fwPGzaymRnXQ8qXR59/BbRdsTOShY1RsQooopFpGV7o1EjjRCVXRtSViorVTTLRwbldGXL5aPP5VFsnke+iDbGyOVbicvazw+TbAyN7Tz520LK3ibFJ0WbvoX9O/qJ8EciQsisnnSR+oHkmxr8iWlGzgUTarKRxpuaN1lc2SuiFKKQ8kdpctkqF/bRHirHMxT9vJlbqRgmn0WeJyuC4FP+pTZ4p+wXcWXwSf8AVMuV40hO42yTrIyPbIupUNe0X3Mh/bZHrTI6l6Gvrr6Lkjf+ByHlQ588HLNqK5NjNr+BY38ijTo2NlvpGz8j7NptY7XwVZtS6MWRyk1o/wCBq0L+0zHW1ck1uy0ZOiuKRODps8J9zEf+oOoIhL/iEjxv2EFxEj0Tb/Unj5VFGDnGiUPeeHd52ifGdI+CC/qSMXUiHWniMj8x/SvS9EPsf0ZTSNzfRk31ZHrklY4iijbybYlIoWOO0UIkouTGlHkpyOhu9UiU9pGVodHESXKs3Fv8GxqDQm/wb6luHySRJe08LFbmxRPGR4IRXmpnjY3GjGvajGuCf/M0eNXCMH9tEo8nhf8AmGZY/wDErRQSyMxL7haeJf8AVf1ktHpRRdG+KHkuPtP/ALG74OF8CVjjySODgpaKP5NsTYh/YRVG4/8AJuG29VwTyrpHmN5aMP2FElyIt/JtZtdChKxx/qWSEinR4dLccHiknRH+4jxXRD7UY+icf+Is8bG6MH9tDR4Zf12ZF/X0/wA2Q+dEeIjeWX1EytL0bRvHN1Rt/Iq+2zDFxVMaGi/wRbfY+zabBYZM8ijy5CgzabeDjbRtGtOCvwUxKhx4MXh5QyveLw2zxDm3weHqUGRc4umQ4u9N3JuJxjkotJHmI3JjTSZ8GFe7TxCIr3niFwQjwR6JL+seKXRi+xDMC/qk/wC9p8i1yr3spFfSRuSN34PcVfJfPA3sX8l2JX2eVL4FGiTpCyI3imbyxSo3ikbrGxabTjS2WJpG5Fo7JYFJ2ZcW2VHh3/jZFJDr4KFGykUtKRtR/ifBi+7TMJe4zdEOhDX9Qz8mP7RmL+4T/uerIvc9E69do3G6ROe0jPjg3SshJ9ocZSfAoqI4uyjnV9ko88CxNkcaQ4WeUeWbRRENciKLEMb0r3G5MlJIWZ2R8Yro/U4pvkxxxX7SyyxKjYbUOlpEv4EhQp6TVoUeTIuCK40a95lRDoZj+8l9/qmvd6nkih5n8Ct/cbopUW2X/Jt3M212Rivg6JZPgTZZZZaE7KOTn0bmWJD0Wj0sekTrkqxJWKKt8Gx30YVOMjcbmbmY/cTjwUJca8lsdlnLRTsl0LrT/ImhDIfcPv1T70c4oeZDnMUZM8k20Wcmz86Q+45KYuiS5NpQosWJixij/AoG02I2lFFEV8jEhiOdOdHpFIas2nlkYcG6CFkTnxqyLcejduRx8keB8jRRm7F2ci7PkYtGuRiGRXPrkuT3NdixM8tdiS+C9No0UUbSMTbFFLVQT7IwiPauvRZZZZZ2LnRsQrkyOnzo/Q0UcDS+B4ebMe3dtPKPLZ5bIobSL5NzojllJ1RWkla5IxQpKTojBDObo3UuCE5P4r0r1uPIhs7GtLE7QyjosTLORdaWWWWWX6v4EqJMSGQfItHo9V9uigjbFHFniPuswr+qvRGfvdknyRjJlNDnGPLP1WP8m5PoS+CkcfgToXI2kWnyeYrFLd9VdFtkf5OfxpWjbL0i6ZzoivqRXBZZEci+Dcb/AOBM3FjspkTk5OdMsbMftlZGVjY2OCuy4o3G4bT7Rm23aN7i1QnwbmN36NptMXX1FD5YkzaVyPgTYtWiiihITjRLHF9Hl0bTaV6+9JdaLodaOPJtOKK05NzN/wCdFJFrTg2oo5LN3Hpyr+ox/ciPWvBS0RPsxdfUaQ2/g5a5EqNp/BQjY7Nh5ZsNptKKL0oorSvRDvSRWlHP0YK0U9bNzNxuONKK1yY3vbHF2hLgaa1s7KaJRTMcaX1KFEpLSihQXydfskR60kitUciK5Iu9KGiiPtZ3pRQ1ybSitEy2WyyWGLdnkKi+ThjxL4HCQsbIxS0eP8CUov6ll6qI6Yr0SL9N/Uj1oxP0WJlkOtK0emOnwz/wWzccCoookR0sUqIyjIoy3EVoU7L1t/W/8aUXpetl3+wYutGz59PQzpehrROnZ3rRtK0ydEfSsn/UZWpIhPnkfMqGpJkpSRvssTaPMZF/UsvSy9asrShaUbSvoI7evyLv0bhO9J/aLr0PTHKuPXP7RFm43G5m4sUvhiT/AMGSnfZGSkh4oseH8McJnu6oj9SvUvpUV6vgh6Etb0Wj9LQ9ISvjSijg9pOXwvUoklQhxN7XDPY+uBPIv5PNX+XBafRaIu19Pj4Zf8l2Ujg4041T0r1X6mQ0lpEfoQhjfAmn6HonQ8rNzZbKYoDjyKHI4cmw2F0yeamdqzpnbGbb6OULLL5N0H/Bs/kgvb9OvTRXoSoX0b1WlaS0iPo4K1oofTMfWl+lCgbeStH6GQW5szQ9xjVxJlD5NpyuzYn0NNGL7/qU9K0vStKEqGvwLTsor03r8EVyWIlovStKGjHHamiimUzk2645Wvo4o02ZYWY1SJLRxLos2nKK/Bj+361elaVqtHwWcHHpZFeleitV6GOzksaGJ07Lv6CGJl6LklCxxaLEykY+vp0UivTQvSyijv1I+RasYvStOTcbybqNiyfk8xHmHmG5HBRCVOn9JdlFCWsomw5RBUvp/wD/xAA8EAABAwIDBgQDBwIGAwEAAAABAAIRITESIkEDEDJRYXEgMIGREzOhI0BCUFJysWLBBIKS0eHwNICi8f/aAAgBAQAGPwL/AN7h386PyCfv7e/nen5+M1vzGPvlAo82fyI+KFVU3aKp3R9wt5oC1CMT+RWQ3V3wq+EHwDl5nCfZVEeHAsPiC7o/kY3dd1lrv1VlSd1brEVMq+6m6/jorIOcAZ08OIkVU08QaqyiPy/C6ya0W8FCq7jOiHXw1bPqrLg+qgeDM7/6VPFOAqrHqgfXmPy+RuqqLRSsOGx3UqhhEIMjwDtuap8GzgyEOniNVcoH+35fG4Nc/BNijstpcFWCGVOcPZZiqIDZmpQO0EaSuJcS4ghG+tIUTuyNlR8AouLI5o8wEM+Gin4mZTinuVQ0RKZ1Q/IreZYybLjzchVHULCdk6P6VJxtI/UN0OMDmjhdKmbLC7RNFswhR/Uq1RMKSFA3FpdCpVRHupLKBAOssLRAaE50KjoCq4qcxXdTHouCqps/ouCvnx4J+9sFkC1lTqjjdgB5VRBcJ0ouJvupIVgpgFE4bLE17IWIYVOGZM8SOLRZgSobQdUXyFLlMwVSygxRqwnVBw4ZoqGEW4qrEvRQhN0daq0oF5ibIfyp86ZMriXEuJYdFM/ehXVMrSVC/wAwXuiFARWE6o5QIMUTe6IB+qsqEr8J9F+H2UFglcIPqvlhckHN2lua/A8dHKuzdbmF8t3uhlPqr/VYpG71XdbJMQ8kt1G+64Fw6KPhi6oEaI5dUKRX7iNhgF7+UGxbdjI1lDaTRXVDuBn/ALCcP6k39yf/AN0UoCyqfVUPqquqplaITHsiaQV8LDQayjuaQcQj8SL2gFVw+iqadFDWRA5rMz6rBEIMiSqcUJzhr1QBIlXVKqm91dFIdU3XzCr9VxdU2H3QdhbHZBzQG9lLiFfc3ujNN9fGMVu6PwhDOp323AFPxOIggBQFUedlKmUCOaJdy/sqIIwqhW5K3JFeia2awaJ2BcqahHOPZAF0q591cqcRRzu90DicY6qjigS8qj3e64z2Uhs9T4KhUBRRkUVVwqjVRq/F/pV/ojX6KQFX+FU/RXO7VW3R9VdU35llO44nQd/WEaS3ECVjiUDhAjeHPbIRds2w3wSCfiz6bvhgy42WDaGBqoYZHNNJTSx2I1kclCLg4UNtSvh/9shFSVUIkCyxc1XcYaTCArRWIMapxRMGAoY1Fpc0YVYLRYrdYTXYmnEFjywuAFThhU1VkRCO4jcZKunRaVEhXFVhkLKJ7KpisIm4Buoe6EML8f8AG7Va2RvvqJXL03yGkjsrqp36ey/4WnspB+iv9EAXLMPVZT70VRHgCPOVIVVRSrJgI1qjoOiEDdQV5lcVrLE9EMcRKDS6yqZUdkYpK5FYnEkqG1CIiJuqAiVU/RZ0a36IM0CEfwiwQhDQgMIpu9V8MhZgsqxEXWIarDhqnk/h3deqmAs1uiIkg91nJ/1KjjHdcc+qw/AJPNS7Ze6yAR0U091hOBFuSquE0CMITIpzkK64vovsXOw9G+DFp4+MqZVWj1CMuwqpMropJKpUkrggQqjKoYChH1VSJUYlPxLqu0+i+Yf9KoT/AKV+L2VJV/ouL6Kn8LT233Kud11dXKufdXV92ipdS6/daKHtFooqgYmokXCqoophp9EdAdEGghZjuMGPVVcT6qpVPCOXZN2dIb0V1DA53ZfDMNbMwSmsdtmQ2wxKrge26GPcB0KstFVzR6qPjNHqvmtXzVxq5X4lwuXy/qqbP6oZAjkZXopAHsr/AEV1dcSv5sbpVlZHwTyWKI3tpVcgvswpwysVp6LR01VU0B170siDm6o3xKyzbMxH4QsQ2Z9lVp8Ev0sIussVspkKhqiNwcbrKLr7UV5INbAhQ9gd2KB/lcTVGILi8u33OiqrqmFUj/Sqn6Krz7rmsYsUAVLbL4lYsjmIOlLrUhGBA0TzIr0ViVEGG9UG5WzyTcJ1v0TsfPkqSeyiHe6xZl/yi90gfuX4nLgdfXRN+xB9VTYD3XyWr5bR77qFfMKq8rVZqrVAaIObcWWeZUtmVr+R/pePZyzMr3X2bMyqwgqyoCq0WHaOynluFLUshBqdEKhW96KBhlvJNwiRPNThdAKJJDZWd8KWse89aIuGwaPVNO02Z7KanoqjadLqaymqywx7oYmhX3WVkQndN09fA2eaPZBA9JQGk/devm2U4D7LE6gKssOzdl5rmq6UCKz1PRWwqHOWQ0i6EBzjCk07BYto4NHVRsW4upU4vYKoa7uE3IGriZ7oQ6iH2phbOtO6fG0JTJ3WWyoqt3VCoDu2m87ggp6FBN/am999lffefvGUEr7QtZ3WbaF56IDZ7GG6kr7PaRs4ojqrQm00RxXROAxKJNpiFhAqU4OaOiyXsSVUB/dEl2FsaO/3RAe3uWqfjB6091LmyQVBZCyiqoCsw2krhp3X+VOzG6AbPcq6lxiiaMYlDcUdz95R7oJphHczsmbxTzzHgjxXDf3FYdqYKwBmM/qNFDHDCNQFndJVNzeyOJQwSmh2SAjQR/UnGKRdHAYzSE2RmhS4QoaKLG9hAGtFyZo3dJosr3AIt2m0zTyUl4ToOJYHcJ3fMb7onGLIYnMNEMJkIp/ZbP8AcN5R3O3ncEEdzZTN7fulFwxHOiwbQhvVEbMfioSpF9URjgclG6FZZgUefRNDRSFL3SsrcAWUH9xUcTlg5iCEGwse0Dp7KTiH+UqS8BXhgtulTCnCEUEWm86FdlEErI2VOBTgWB15V1BIQ+12d+e8o7jvKPhCbvb2+4/DY2Xfwp2zmhupFYTiNoCxp5cSjZYXj9uFfEds+8arE1mEd0aKjVmKyypHJXwn3UNb7rM9ZanqrypKl3stqXUY2y+ONmcBEInE73WMvsmjGM1gs2ynsvgtaR+rfJCltIgIMggqqxNY/wB0fhCW9CpiFixgoxhI7qwpyKAABpXooJCBbUAJ3Ypg6oHnvO47yj5IWvt5n2bHLDtgWc6LYvZtBtGE5kWf4YA7Q0EBQ0DGaucaysJecH8rmFLaHk7VQRh3BsxPNVn0U7R+H0QwvJryVHEDqVn4uiy0CqQsDabi72VEWk3UQCeoQY1oAHFAXy/qVldtG9nIn4+1gdQiXAmTMyqg+oX4f4WV31lYA6R1ClzRHOV8mXf1WWavTRVAVXkrJvxajdotp2TP3BM7DdTxHygqjyMjCVUAeqna4k4bEbPvdfDADnLPhgIgFY35nlcmoNaIFt1WepU3R9U5m0FCJaeqAdfRYnSJ0hDDDa3N1eVp/O+d2GiFRVZ/dFwep1dVSTVXd7p0a0VbLhBnouH2Klu0cgWbb+y/UO6b8Rpr03WWI6KQowqghMqbqQaFNdicOye1v8IHDrzTR03OxfqP3Abo3UUQo+GfVZyT+1S9rW/uKhmbssrQz6rO5xTm/CBJ1IVmyiHgYhrzRcmudZYWh0lB9uhVB9FmcB0RwNnuq3Wx2ROUXKGDDGiuhOhnfMKW5WhEckFhD4gFNn9O5rBNSrkKjtzum6dVcFVBQHxI9V876pr4JjmqNaFxR2XzCicVUC4TKltQq6JhPKOJARHUOXxIK4mNi4cjG1Z7qm3Ynn4jOM6/cBuhrDXmsxy8whiDwebgi1rw11xgCBwFzxqTRceHo1SVUqyy07FW1VyUR8Ntk5nIrZ66qoDVRs91Q+yrQSuar9VLTCjFiCt4MA9VgbvnoUyToFRT+lqhpIPNUOLuVna8fVbSHA5eaATgrOQylY9iOIVC4RKA2grPgkLFaFV0tN0Nrs6gqc61lQLIobgqW+4Yx8NgWYFzullh2eFoJpRZ3z0lXhc/BSqpqq/qChqmAE+DKYAaYVT3UudJhEnXyeqxE5juhYQmTNQbLZt1wqsJ+lOSqtdxa4XCgusj1KuqV3zp4Ko4dniHdV2YrW6gD8KgoVunFzyU/GJXCfdFmF1Oq2jSDThUBxHYoV15lTb0WbaRyUF0+ZJJKMNKaSWhUgndEQhEglYaT1Wa2tYRbsQ3vorz60Q+0piGVQzZx1QrKf3QcRJt5cr4j7AqdNFi3Y0ymhTOy1lOgUtRVH/yqj6r8Q9FR7T6pzSNUa9vBA8IwNkrHI2Xaqlz5fEUuobtfehXCSiH1GnRENePZOxOgnmFo4dCsQ2d9ZW0yC4QMYZUlrnAaclhIJ6lZR9opdePMBopbEuope4TeVkBeBqApd/iMLj+pANxElRgga6QpaMHUIHEJ1xVVGyeYV6fVZGzDlL+WioLaraPGrpUf1eXh0avhiw3whmIQLcxlCy+a0JwLxGK5MCymMR6OBWYuA6tKo7Z+8Ku2j/PP8pwY+2v/wCKn8q09wqs+qsfaVxD18BQYGZln2hjk2iow+yrsz7L7M7RqLHCo1hAih/lVEqI+qhojfOpTcOUk1oqCSj5nwtkBP4jyXPaa41Rob1hSxowD8Wqq7Tms7fhUvMhE4nYfwyLofZx1Cn+EGMdVO+K32WXhO4stKyZY1RDatO+vkOfq4kqt0BKuo3W7INAdzlfJaSblAO2eVw4V/431KcSDGgDohVDj3Mqgr0KPweLqods69CozetVxNCs13qrOC/4UA/VSqt/lN/3Wo7hUcD67ymqN91XcO6cEfMwf4drp56qdu4z+mLInYkFscLlOSf6bo4hi5aLFtH/ALWzQIGZRw1pKczaCylsUiybciU3NQq/mudyCazoq+CywlqluzhUTTwqee+QPbdjqA9Zdp7hfhd6r5TvRXc1caktBRaWRPVBmD6prjIj9TVlHsvxfz/Ky6H/ALqswgrDiFVhnhMVRPqqHwdEMJs5YhxItc2CPMy7J+KxBaoI9HCCrZhronYLOvyUu91DvRUz61TcMiiMtj+6gD1Kw4RdevnMZ+pyvRQNzp36oqoTo9JU4Iii5LiXzQuOeyLWB06ZYUTmFx4K7NqpLVlfKtKqCxaHuJUO/wAP7SFm2e3H1QzPvqs9f6lascSxf0qWmF9oJXGPVUzKtuSlZxPVXh3mUEGbQonE86LOSegsn/hARkElcnNsoczh5Kjp6Id1iGixAU1U6HybeE/0BRi+ivKhTuvVU91e6mZWkFRNGrhxBQQYQgFUvuxRlf8AyqPI7qrQ7sVVrh6Kjx7qjpVQrpp1lY2ovqCXBxE0WL4TQowtCvB5KjymkPtzQn7N30XdCig7pxKRbzQ1rMCd8Utd1BTwG60XF7I9VMhHaM5qRzvZZoMqkqCVTzZTn/qKfXFXdUo6abgplaLSFAE+q/TS6qSeqvPqpUbi0qDvqFwN9lZWQga+KH+6ptGn1QlQOHkbKMNOSAGQ84QAdXoE94M1itEG7Y0imiODbCnJZrz5c8wq3UtRkK8Ky4bkKCKEUhETulcMrquS4vKA5rNSLonmd1DMKlyd1VEypkBHLKopFkI9lVWI9fBjbceNu+ysrKysocJC+zdPQqHDCVz3QNoY5FQ1sdWlYQ0kGkQpgjofLru08BKmyzRP6lOMqZVHUVG+q0lRiAK5hWp2UAz478P/AH+6jU74mqw7o3CisqogXR2buav6qSVS6AU7sQsfPoodXuqEsVMLwszS0qhlOGIUuhLvr5dWEqrMIHNYhBB5IrQ7rLpyUaKIRrKOIUQivRSblTc97LQ9LqvCdJVXqisqSFxTunki43JQ5qJVpV4VPZBURru/hTCrRDaEgBzifRZS0jmqwpqFi5DVTIp1UItNijs3aeZHgpu/V3VQWHmFleCHXUGonUeXILBPdN+NG0Z0Gq+WMPULMMIFiFeeirQqm+dFDThXCT1REKS4BYjrYKgAahVTMrhULpvI503Tz57rKouhWyCxAKrQEC72VJjmpNFhdwpsWEqFOm7lKvvxDjZ5Q318FaqnnDQdVJMFUbMLkwqQYWa48ENNFLdFmcTPIrF8SCdJWbZ+qE7OOoUhTr0O6iMwr72ARDalGl1iP8qF6qI0XDUBBX9FUCirHsp0jRTBWtUb1Gi2Yg8WqMjVUBJWaRKgO3TIA3YmjK7yW9vJ5qW3Rny4Ja8d4KzsIPU7o8OUeqgiFR59FAfryXzM3VS58k8lL3k91dyyuE9Qqweyquq03u2k3RboF1VJK66I1RrXdmyqKLqsUCdVFB1VYVFsxhP+6dU0MQjAEc0WgnCbgKA0H6FAOydHLKY3YSsJ+5un7lwH3Xy47rG4qWAAN5lTs4DuqqKqS2vRWVFwmqoFbwARUlClgpw+qvulTCrRXWqt2XLmriFq6VE061K4JCkGByJW0JBIBhYmBwC/uoB91GJSx2HtRQML/oV9ps3s7hY9mQSOX3M+X//EACwQAQACAgEDAwQCAwEBAQEAAAEAESExQVFhcRCBkSChscHR8DBA4fFgUHD/2gAIAQEAAT8hvqZnr/it6y+plvX/APhqCVlf/iwWjRPEOor/AOK1Lg8sxtOrN/8AxRqEHCPlDKX/ALPT/NX++Tn00RAazLdJsxEuoGP9jF/tr/NTv1f+/wBZK6auFeUW/Q1e/QsXA5YN/wDixRR5/wAav9TDLGq8yzCobmy09400zmJrEsuj0dNv9WppQtcKSzP+SoWQvNwMZlfVXpUqV61/obY9AzvEKLlipxFsvmDUzCu7gsAm3SWASpUr/RqNG4YAA9aletelSpUeDFQq2su2sr1r6K/0a+m8QIbVGtELScy8wMp5lbgh1eJ5I8jDKiOZZf5zgRb1hQsbIcmk+iv8dT7rrF8n069K9K9KhvIl9IV89aHQkHWVK+ivor6qlelSvWpXrXpUHNwhbIb3UN1FJIpd9QVkxOXC4OnOIV1MSxoR9CJR1lC/eDC3KlTW5o7pdwoWNypXpX01KmbGyGGIr5JXrUsleTNTkthi+ZUr0qBMIJzOzfeA01cqVKlSpUqVKlSvSpX+Cvor0qVDfoQ9OQ+Zl1QvY/wmg63M4MuWpQ2+yos5m2p1SOxVBqEC0u4l9OjvKbDEoIODrEi3+YJVaiDajQgu5bVBuV6VK9AlI0DPeVnC5VVuKHUaMqVGxJlluBbUdZUkqVKlQIqhrrLkQneMd8XKlSpUqVKlSpUqVKlSpUqVKlSpUqVKlSpXrxDT633uRYZMOJgXaXmE2iegXKdZ0S3GcVMS2JcDq9C1FmsmIgWvzKHEsRZGHSwlSpUCCyVoDx1eoAKHvqLlUOsqVKsqbIO2FRfd5MysZlSpUqI1bxROkp3hd3GCSpUqVKletfRUr1qV9dSpUr6MehCJox63XtDz6H1LfmO46GY9JikizOaxH0ntFUWe5Lqp8o/AfMWZ+blI5c/EsnIOypd52S+AyZ7SpUCGpDd1KVVbziYxN3GKjgWAocGfeE0HNCV9ACLyY1H1Z/ajWC459kSVKlSpUqVKlSpUqVKlSpUqVKlSvSpUqVK+mvQmGoi2z29GqwehkiTnJB4DBhp7x5B5httKavvC7rleZY1+OXEGXNEDKTNkZbE4O00LnvGK3GQoEvwS/hMukP8ArRu0CoQar0h8aTcGMNG3BDBHVk3k7QzdrufzM7FpMiN5gGwWtxG2W9Ayot85A4orxq4GcrGoto6de8GWvT8xJUqVKlSpUqVKlSpUqVKlSpUqVKlelelSvUgcKlYv15hqA3bb1KXid0PQIflZG8ats6SNM8hUvqA8LYlApbXMVqpfMDc6iz0Ocx709kfWMMC2MiXIRyaHuwheaUkFR72TiKdNHWLUs6iIMqV7TrnMR8oDKRjhYce0uqAw7Y3D0M6FM1UsswM8EoFrO8cV3fBZg2OeqJQd2gYIwV1UABaoZziCjVVxKlSpUqVKlSpUqVKlndq/oFDGmVKlSpUr0r6H0r6KhuePQu8Tc9pol5IuANV5hDRYcBwyvxWH+SUAylnf4jjCtuMI3Ad4mcHkj7xxpjIHKqYomVwI/mY3jXcvWDoaZiIWdi5gBOiR5eucNTJhtq+ZZsGMZnDodSBlWvtC9gwD7S9E01AD5uyVZKnN+IKktiiBaDjfMvFg2vvM8WeSYyvhZNlZQIL+xBlpUnmMwBxhRgVdpUqVKlSpUqVKlRBtjTBFOwLJmxp5g/KLFQAIsT7YokqVKlSvSpUdwPTb63EW+obnGoUmph3AWiY4mCLTxDc4MLBKYRT9tw+E7/MoBVkkxE0/hBXiplHVCsDg/cOF5e1wrOdMLlBYrDLMAHW3EL28sSYj5hUGHraOBUHAIj4r7nD8KO9OzLNY+6cQjwPNQC13P+5eqaPNHZYOyWNAvOUsooXnPhOVzFVc6VMy/Gdwmv3yjt3+Zaxnf4hnUqVKlSpUqADfJ6GjbUTVRrO5irYavPzNul5U3vpFKKINcdYrGILCJ2NarEB4QY4lNGLDzMCiVKlSpUqVKnMW8TmPicTiOpwr2xzBM2S9GWMRX6+icyiuozgWVj6QU4FUeINlAvtiCLGC4X3g2tOP3FICMyZyjsvCJzMJYRcIALlpJQ+Tdpi5K1aZBHulKAcdIbn4RWNEIZjBuXJzSGC6TEWl9IgwlxvcF5XfUMWzthUw8FtLLEKrtXRK3tph4woRTNvMxiBlHtUsGODt5jbrQQ7o8CTOZY0CGoYIv1HACWwzAADwuGyXGCoBlvjJ6ShSxRajibgTrCFUwsvLcrTt7HSaiGJlViYckHSgtgwcZu55S/R+IS9qrcKSzJK9Sp3o+87gchF2fiAWBW6z3I4j+49ZF0w95qAKDGB2gdW4o89M4YgRUFoReDOfSoXliF4F46ylRkdIs4O8rXyqdGghIKXI6Q2WF7xAA5qiGQt7Q2IN8xc7V2RIWtcOzGETFRduN4feNXqBPsizji6L4jjGQz/0icC9T/qKsaYPEqCntBDguFRs8x+1q7hQBjUclMKxonziYPV9CG5a+Yo4hoiu8ZnYlBXED+apbexxiLiY4xBc4twRUCObjUTzxDdQ5YetK5qBvKvZ/MQ9zj/MTW49O4Rm7aME0vB6Rngq2vaK3Gp/CEtcbRzZxiGwIO6TsfeGUZDrJYZlxd8jBuBJWZiwtd416fMqNq2OlrmBGqAO8TH3lQSyHkKCX0x3qA5HZ1nTxxHcqWyrEAHMVjwgyd4bjQY6Zj2ml0mXhLOqVKFZJkmbCaE5jk95QJSy+xAoUtpTe4rFxAgQocj2l7d2agejSwsboJdcS9xhCve4majbRFNXsTooCpFfoDBfMNrDLUzzhmMnBd3h7Qwxqn/LTEABxBX8UNnmV/JqjcoFFfWEmTaGbgQKhOcjDuMYmhTvHC2HxFctVKYz6JFAMb9oDWCgcziHDL9hq1WJC2cTpNVXF3FUN2C4u7E3GsaRB94t6XdVTKFv3UMY3T0hpfVcKvc95ymkw2XcOVMoI7zih2E/8NNtTvdw9GtxR5J4PiUOPgn9AlBeK8If+ZGwB7CKH8UoED2IDaudNy4TQ4zMpVzvDnfEZfOfSJFAyyN3tlKIIaODuCCabFZWd2e8ACU+MfulGOnEOWSYGBG9y9EDrIuiy0t0jDZ3YAycGziKnbYCHYmRXtLCIcFUU1zDgg4ILOQWFNt2BvEx5DULmUjWnPUhWQvdQ7RZni5Stqv47mWtZMxKFVY2ht6SvfhU5/HTcoNbc4ne3pEUBRhjHVLg+tvTrDYMEAKVbhGgWuAcK4tYOn6hYBiWkU0qGVcVS7zidXuMj9R+q7KKWYus4ZlGtWhx0PV1ipaPVLqwLq12lKEDjJImMarIlwQX7qxGC+zMWJoxzLYVO2B8S/QHiXenvGQm/Zv6HV+cKrLPf0xxfpphiaIBm3cErBph4cVCwAquQXKy25+8rhdn/wAizL9JdTBurHLcrF3hEJQc3Othlw6QK9LncwCkpvcZXBSpWNXhspZPacbFX0/tiHfw/wAwwmTuEof8oNKfsSlzK8JWz7E1i5Y0p7ypau8xV38kv1fmZ8I94XLfujOPmjtMnIv3Z44AW4o1hmVBxw1M9BbqpDgYZd4mRgMgNwMqaxrHvG3wbFc3uXNPDqouVUOhB2mXcK5ELTC1gmCt9ovWfEZ1w6ifl4oN/azXyhRiLpBhv7Ewl/adygsc5SsojakSU3dVqC20RmYuP4xEowO1cLKuZz9dUQWa3NPMp+6RgOdKRrzZ2qVmvxDnfx/yAOX8Q7HO5RDnLvA82mSmP7zGsi+2ZwP2RbIHsjYv7Qim38zrL5lrjnfpi41CuT00hM+vRYeYTuQUht/EBdldYTXHU286l1xE35mypmCXtGIPYTBo1DsiagBzCCxRw1uWmwNroi3I5xZDFtcqiwpTizU5A+cHwRshxFITINm0znPripR3+Ig3zTRGSxHG82z84iBvUXNveotURAyuYh90RuF3TGIDZQeZV0o9oippvMTWEaMX3MxDu6XlEI3LriBSIHoNztKzCW4SvtzRSmeH5ivqy3SWqa8TzJWdyoYc+gUal3jwIs4mz39HzZabRg+jv6uic0OadwqUGE7U7Gq5i2O3aobKXWmZneDFAlAKnTSNtb90Qeo+JbQjOY47YNRQtnvL5psBMIYnJvEUrlsLftA3ahW3tBuDeIsHxg0qYwjF2hGwU2u02XPNEMuCvFA/MIIoTdIC4yvoSg0VXVcLwCrZZWLteFf3A7efhzFUbpY4r5iyo/Nv1P8Ats+0R/1EzqKXUwro6MdsQuwxtvulXQ9bhDne5fKXlUHSFahbEiqrlEYG2W9HlBEO6X9AuXcuX9HMM+uF6nhCa9e0CEMbmIQ6T+TlH6YVbvLhLK6jilzBqkcVNogqOEu+s37MxfMzKGxGpaIEvMGNKhyPwCZm7OPEw9L6qKGiosVsBvpaU0wzIsY1XeXKIYF+8PvCsAyzylzT7TXWYNn5lvqc0qYoFwmDcI2QbOZU9Dx8yxp76SgC1yG4qr+uY8AwHQmOiOySExRcAtqSDnQukAgCzDq47hDlDrri1syJauXpefyQP8EQKUnvlSq+kGFOIP0sPTeswoz6LM8zi/Qz9AQgoGwVeIuDFQ7bxLqWE5c9JsiQ6LgXuxCls/EINKhul2JYYZXltitjRSPeDuozUb/5OYEL15qcvLyZmCAblxTJd4Jd1fBGgzBC7crKMyrdA4RUyMagbuuUJgC2Gc5LW8TY+sq8XcDX+4GtsHEFAO+O8okC49kQCNRLsTV6RYf7uYM211meRqk6zcsL95ddoe6pRM88MGd5SOxUeCX3mGsvfE4wD0gJSE+/mBbRuV6Ep6RMQ+ZUFjXvBzF6s7m8+hNxCVBrDGoRp3oETkXugPwKDk2YGZnZUoY4lNC73BoSXrtia4La51AAsE3XeZdJ3KzB7eIpr5hmni1+YMkXh2IqbIux/MOWLTARyq6B/RMnzvEMfZtGqKBFgdHoqj8TfBG7uGMp8Sj9GUYObPgjwvhfiCYrPrLZpptNwN7YlcUFLYRltVXMX9cRMwy6D+3MljiYI7y0lxg6SGsUHSlHWCGbWhgh4PTMX7zZM3LPliM3KJUIPHpuVMncmyeYBx9omZjpOITSpi8MQqcbnNzb2nGOIblWwVwqu6JQpXNce9ZgwyXT013nCzH8xhmMNW3cx5c1mZcDxFvqdzLLF84g3N9AjQlA3mXTdx4HEyBlqtV2hXJXaGETiztfMGIi4LjkD2AS130/9JWHH/RhdqhjcoPMtX3o3AJ7N4AEAYmhM8S6waO0cbUDvNnBFUbIZOkAArlbF+z86lgTE9D+Ziv9rhsXxKX6w2sL7kVKPeuI4bfMKH2CdqsZS5uQmJzdIMsSH4pUuoSzpOb9CYfTBmuxnEeRC6pVVSmVKlo0bYFdoKor4Ll6dw4CdZqqQMd4jeQsy8TQ+0MWok2MHxDamb6zVxqAOs0xTq78SxcB41qBRmmooNAl12jksHghFD1eYZbPUl3ax0846EYMhwjWJbLel1b95uotAsfEG+RfxREANrKSJVH9xFUKbO5zgdyCsx7QV+x+JfR4nURIZjuOsJaEs5MO5wBbzLdqBuZTTm7JmYHBriIyXwz5UTVQIiUMHpLX6y3+l2Yn4JjJfcioJ+mb3s+j7qZHhH0OBQWMHzLGWGGY6RPT2hKlSpSOpMJZBbGxGl7zj57EuP5TXugVO0Pk1icInrl4EUq78/jKHAvoknblgMoXR2viJVWd7mZsfGIZKA6M2bqqVGWBxFUy+2Om4L0GDENuDkTDVp00S9meOrLU0VYeJSDRASivXFDL+28qZDQTczv1Qc/mcLurlfcN3PgnBSeYwusG47RXSOe6hAGA5XUQHK5l+FVod45a+kV+015ZzlhALXmpQrrqv4mw2xZn7Rx7sF5VT8y0xrqEuMrLmV4xDwlk+87ehjucvTbI6leV9kXKB96HE4vE2HZ9HQmp6CfYwtww7rbjL7zcISvSmDYl2ZS14oYIwt1e1Slw/PX8T+ZQTXEfXFCi8kXPTwlgNfF0k5utljwgmSOXP3gVGAVPePVLqvSLcHwYfuC6R2Iv5lWntYPvuWGi9IgHg11ROSHSpazuwQOinpKVjgNsUp59kEPPUVjnKF6eIonTIoLljNPH80QFHvxtJDbafqL5bmCA/bLCM/Jf0hud9iINUTNQXqt2Zz2bXB/Mzz2Woe0S2Do8/aI4J4FWvmbVWrHTBy8TxypVHIYgBw92VJiODC3rxHS/0uOf7WJzT7QE7qm6HKbJtD8JiQc5sTOk/B6n0Z9tEpgdANxely+0vtCB6SyzHqs+QmS7FtM2Ot2US8o6HCszC2rU1G98gqveW1iYxzD18YTDFt6wmWoXHuZek/ABFFAg11lf0Uz2uHqTjmSMk5UXLCm6wYWYkIwKC4QJoxazvvW8o5509MXAxDxiLqMMtWtNwsKbxXj+Y0GjeIWADwuAEaNVLr22rpLRcK2wZ+zAja6ZLzBbXkh3uzOSVXXJKqnmmbQRzcdX/QJ8Qg08Lwnz8S3CjvBDaZQb5JnSfeOleyY+LsnYiLeCyU9EXhGvF1XK7mPSg6S5nBuNo1StAx5hXzFUq3EzF9ke5k5selvJzOI+vxETJcXfEbkNaNvUpUa3SoL5yqECsXW5j0HoBRGNCPMKYN63LRA7K8Sy3gq+D3hoBoGffLVvPO4WSrVF/aCukHabTs0jqYBgOI/lSZmxs3FNbnQ+ZTRw6vMyhbwYlisrYXEl3ScJcUcNwCihruxORpZLsmE5iAxoszeSXzrxb9oCRm/K76R56jFwqx6Jjhlx6h+8DJtlLdOqAq8hSINN7Z/Axs1Y05HySzJeuD+Ev/Xj29WI/EXFb+JK28ntL5YEEMUJZezmCAM0pBjv8bVhF7lvIlMHw2wiytjmYgXzPaZ6seYwrHySXdEbyTD0zC4VL6GiK5dPMd/RzMYArW/EouktJQ0+Cz3zYj5CADlNjX+YIVHq/wC6o/mp7MM1Xm1zKs4O8cdQAF13CBm8WVt3LqHsIadFMPvOk9UvBknCcOJm0uuEsBrrUNr5zfxO/s5XrLEbey5cI7eIk7F2nF+cv7ztHxGEB73MKW3llC6bljocYLlVhn8xKcVfigjL7wD6jcJejTNRkw66ErA72iPkgXlWrSxqh3W8SlXZAjL7SwTALxUvoyUArarpUrMKrUSPdJsJKpabFhGSsbAZlCENaoqJFUDWlpjSWHQyx9XMCFVDrT5gzd/tDaLpsm82lDbUApGDn0to73lw/RzMOUFUbBbz+I7BR39yWQX5FKlo0ejD4lp2GwxLCxbtHYZSUCrH4uKttBBvtCKCKRbaWfMprcZwQfuVlwyKz7TBRDzKfVSrtDPVjB1nETw+q1ekpA9IzuNE4KmVdq6hGHyyrfyxZpArz6TCqxa9oOYp3LjLjCm5JZfEwqUd2BeMsqFUQ/62EulZPtOAQbC0wlUdojcMHENBijTARLiO2HSqVwOnSIbB1NTxcyCNFrHibRFxssRwEuCI6flWC59iMgeCmpfV0mD650dY0S7YM/zSoOXC/maq9YualOusI7huZicR+g3CpL1A8vLBYHaJZoTV6mG+h4fEsRKKhYRZ31lYfYMyp4HVEGJTZwSw+Eu5X9s2wU3YXtOZVsazxCsXc/iIpyYI21spC05FflnZj2eisr6KqV6VLglM41VHWVYwWLvAwe72iu5z0micjHtBqME32lbj7kHzwW176zCp8v1cB1+xPzUMsn1vXzMC50IHXEPnKXLrOwzJqUNSrFmIl8kuXOrLull4JXdRvkipHd9PBARXa08nvCVdUzUyRpy5jcO5/aUD2c+zGk5HMLUl8EDuQVt7QQLlT0haJFKy6zB6lSN72i6cxwGNHOPURWvR+kWOgBurjE/DLVd4kENicrNOTcCnzK8AasV95QthENPi4jR0BtL4uKKuHRa+VnnNv2XKSw8nX8zKWXsMCUZ69y9ThiCSN5Rx4T2XAsBUf6jbhIp1lnX0aiyrmjL8Q9FsPBcayr77MQOu5WBNblNlks1QzGRuBd5rzHCi28VQTndQWMCpS33A94/YnP4puODoTI+0QbfUsnDDvT+Uw2AmIF37JUIrH+tj+ZRBBOf4H9SjR7U/ITAV+P0XG4ofZBUDFpi+JkHSAtab0TYfoqStXtIzIx9h9WfDLyaLrQYhe4zX5TX9OsCUYecxwJg4PTi+DETY2PkRnjs1deswZeJcWX6npW8NT/1KFVxSybgIB85oEtw4Avv3jguulcDjiL2xlSxNRBq5j1hAqzvX8wFbs62yxvhXOxxHCpc5WJiAChkg9WILJQaalSVXyeYG1m0eH0L6IUYvOYWxmYwvxVS4XLtyE+cRK62fM0YmDMOu3NQx4ieqN2r1maGS5KBZzEFwLQCVwuGW/D/0l0ry0oufLP5RHJT2fiZXm5exiigMOCXmB9iFWj7jOR7Iy+g+9R3jS9kP1Nfu5aWsDmn+Ic9OtD9MPgxyAeYUZfIkC+Oi6p1hsnysrL+6nKczcbdNR4fthVfdNgmUvMFxxcYel/SMuVcxMwFobUhi/iL1htaX3g+fKq8JiEdY1YmIpXcnvFwBsz3IwBR7NS8pVVh/al2XyJro+8Sr4DGKj0NR0OJTLI6rKOs95Rim35ieszFukqb/ABBP+xWsYmVtiKwTnP3gdYJnVUAV8TMF16cHE7SUc8Q2h+JkVpLsE3XSWFb0VgMJ03uA4B3d7lANmlOJk187JV3TcxwH2XFNtTamh5nCWGsPBG+9hcFVcmsv5zDRlHFFRZxReiu/aB2WCJLeu+2vxC8PvSHYIAqvxAA+8FRCAXLeiVaZhkzDfKosS4ZjfoqGZtMWRbVLQw4F7j5ty3J/kICuvKcxfm6agRCdEAryv2mDJRetu0swu1778RQsvNl/uZjAK0Dm0Bj2Ylw1gX+u8fZ5eS7rURvBPlMEWBw4mCC7+CXfP0vUkoZzG61KD0rpcncMswTM9IVArGcQsFH9/wCx1CysYmzuukw54A3qaRfpTLRxelmV52h+spA9Yut0ihZlDzALWpe1lxMpilhwgdiy1gcq2XvBa4CbhNOsoZplP7YqchezcKaJ0Mg5dc6mXLdUf5wjlef/ADhYF35RaO2bHEYts6La+0RaroGfwS0nJQmeD7TGgOpASgXjCc7XYmw10I6lquSYLwm5aQGYUqZGn1v/AAAnQFcqjCqHA47/AGn5lqjUbJQPb/suBDt8TsVFeM8xANcFVJ3qBl7mQUkLM0mVwX5HIwUPEiWoVySpVsrfaCKJXpnpNNTySuCkqvU1PEBXlv8AUvBSsNUqNufKAbC34hqW62TTmrYpiqHG5u1JlpVygvIFyze3ntG6UemfiBwfQ8y9suSZOzedfaO6/ev4g10Esc3CrhyONQM+GyIfIKh+H+Z+VtvxHOBBTJeUPysmjgOBUgbccPMuoZiFVxKq8RgLAtiXf5gIDTd4Y1a9XqKAbaymNK7ty/iNS/B4YB+qH4BjlgdXXZWpvXFMTXMbLl/4lFqZtJQyYvI/ENdQ06VMhxHomGPQtaitrB0MxahmiadX+/tANJwph75hjCcoYgpGxR7TpWDWJyCiGWVmVK9KHFSpqageqEWAyx0qL6vTEqj0FwFKzLwbu05NIsDrrMFrGwzHqmddJSmb3rmHu4rzKFIdVSU6jo2qa7wlbju/iKoMEUFmyzmAWb8wZyoRE4khUt1lXoZbsI6XxZb/ANsqs7qzNzmVKmRslQeRA0ZxtE0xQqFl2+C1DEhXVGvN2VY8R+VzKeItsllMvENe76JCK2mRDGwtbDVY4/x1xao1XX+YMdhuUlQntGKc24stIdHM6MnmVjFyHPiBqDomMGueLgE52ZvFQHaYMLxQmlWWgZlDPvii0IbtgN5Lh41y3HUZ7/T1df8A2UdsF8sxhRlZu+J2Cym4y2OkoVLb4jdkBUs3sHXX5nXx73OQF1N4TBoSb5uB3KKxidG9ELxhG4oquq6yiYu8wt1u5F6BmEpE6zR7zlL7eoXi8q4p/wAMi2+749aOV2TDMVxXiZzPII35DOEykMMlPuRcD6E1/jrmCyEvzK7aL0YuKIgxWJdFVTvvMWU7Hx/5AY5mq/iACEdTmJRSiqIoZM8XLCnNnk/ETdtaViGy0aWGfxFztq3uZf3eGINXOopLMy5zwSiaEgJbM+uY4DThA1ltqatX5l6ULmFEDKqyQTyMtn6lFqOzK5uTYai4rnpSEEA4bzqUqjyzNtAHnmUJ5Yx3nAVWWeM5loFOvZHFYa8/qWwAhzmYBd6l32ZIMwX1uzDmZVzB8wUaajouB9Ku4Ih4jRypgSsPTKZx/wCSOl+Ccwfm3UxMuQ7ROXYC6mGN2mctx/xUdEvEtLIaw6oZEIC271gPMvCvIRS71UOXwuBVEA+ESmohfDL9cXYVkYari2nmVkgB7JWSsvP2lNRTm6kI17Bs/EUFE5HyiGgp6ELYzPI9mGaCmS/QKLQtiV5lY/vaYVz5w0zHHEwMurMwXRxAYhEb0zNlkhUAb6dYZpa+nE5pO9kyQw15QA4M0VKZly3EqWXslFnOA6GNeCuGoGOJvGc+eZa9c4Oi5nXgfKGmVVNCZUTPnR6nWHIl0pxxfpDkleHWby868zkzK6ReaMDW8zrcWvI9Sayg6QJvqphqsS1RcHCdDBGXLly/qHo0YND9zw+bnZZeSXKmRi0R7TMNajfQVvGMo8ZmHz9FL6Mvdu6EDry3CU2Q7l7S9ONBUtYfSJmNephda9IaDhRV1LKtV4qC1lbWKio3b2jOqeWGFDDiXTOJqVeBFRDpNXVzvOjPbKRB7JouZcFMiYgKIvo3L4bu4Ihx33KOicZlNKU9jLJtg8GIZLca3y9o1KK4Q1ATRW18ko4ay+7B7DqH+1M78c5qomYW4e8DVYYbj5IoNfyHc6QoRZ4ltWYubejaZVKlOfQdsR2JEuI7fEpR1mTBpHc+0vYYh12Qb7uPpcuXCXD1wGi89QS5Ib1EW5jc2aEfDOUM94FuE6QzM/MIwKj5qbvUbpD8wMuDgtMzvZBKCeAILA2yZ2r3mrqZPEzOV0IkrgPgEMkRHtxE/wBusWtin+csGczLiLHYbPaEYQx/ZBl6AwZzHuqL8P6xkFkxAlwEFFblb4wzYdujXllpC+jpKFlndhjcReSXsV8RuN8ty1BOAF3DwCUr9zSxasSkoAdMQel4eJaq3Wk3Auqb7lQrFCY83OyCdmczAkAIjdRpGSTOZ+iS1veO4u4TF5S7iVmG8JQdFI6a59D9F+l+o9/yu32Y6q/3vvKPAeJS1Ca1fzExMyu9RigY9zLOseKzLyNeBiCz7cjabmIEBUwv6CsrgsltAH3llo1azoI1xTDa3ylhX4lN4ih0nuxF5mDLxC379gf4hE7MtZuPwyrfMofcM2qvJ0qBRnTd7lhywbxiu0DM3eL1FTczgzibw4N07CUYB0NzAG4FuYJgOXfB/esS9NpidDkOZnEbrUAevXRKWYDFtTAjCiAUPJaUe8F6DwezDRM8NYJaceTmMuXXaIBpPVjGD0s6mCm8Y5mTLSJpBG4NxCx6RufCP+C/S7eZfyfEubSuYrzLMij1hyzDVOY9GP8ArrDGKrKNSnwNN010jXSmrrlamxTX9wI3LpphTlWwqPHAUBvb0gBbNsQKru6wsmIdiVRjMwxogFsYawyu15mZ5nfxDemlxaWCZVq5RyRaqOgnJ+IsEubmCYDLXj9y2YjOyOfefXl7RAdHN2qZp33RuOR/yW0EMEqghS9mEfwQZYYu72fMvyjuRbtazv3l01uLRr7yk7waMpNOL5B8bmdneqL+CVSP/GVHudh8k76DNn+HZBksR9Lp6LDFNRFGO4x/xf/aAAwDAQACAAMAAAAQUQQ0W2QDE57JoUy2hNthAS3n9tIAAAS/ttbNsSnUw2USprPZ4Ei2WptbWkAA/wB/baAAAEk3bf2BJicSK7nzWeZlAMlIKW8gJumWbf8A/wDSSSSAJL/kAf8A+s86eIlFFuYXyaFkBAn7a23toQAAATbf20JIkv5aiPFBoIK6T34NlIFgg/mSbaAAEt/9ttpASL22ZK+h2chjXRVlMlKfyeW/ST/mldpbbJJbbbW0tAAPjajQZTEAk6/TeTIzSZkls0fXLJv/AP7ZbbaACTNt4+niv5Cvns1u1OGRzZLWkm1JN5bArABNtv2km2UNVRCVnun0+HsQv92d7Qmwv65JNkgAEkSyJLZMmGUMAXa+E9nvk/r928kiUnZZBHtAAU2SQEG+hvZpvQmw0APDrCJ9rJ4I3YTvLK+4rbX3Skkl22k2bvTPoTX1qUUbDEYaAPrbVfeUK3cr/b9tJbbbpLZtsSRBMd6PynoYC9il3yY7KbOOopECW2QIl/8ALfbbmAANkAyWi7K6mA0Fy9oy/Ju2WgDe/wDkCTbSTIEIBIhPukcgEsCdoY0FptHXNs9/oLZmpa0lt8msQfSMtwBdoEIV5lxDD42MzwGLLuR6U/kZuyABIBIAPZsgBI9nFjYxpAWRqCPkUgUDNxbY5Slm/tsItk/AXm9NEQNX8SVPAaBCZp+EgAR8PsjnJu5t2hBsm58Pe6HvdTylEbzyK6DdR60EwI6qRe8LIjUwPIsjDNdmxApYQFdQEwwjAU9mPFRDG/5zgF9T51AnRY1IjXSWL8Tyn0M03E25EqlgghYqu89DIAQhJ/Xm/wC9HJ2dk2XiyykWlqy8geYF7cjIE6o0Y3Wf3yPSp17beEQJWlVQLh3uS8hXPX9HcZ44lMRRfmJBnM3MsnT1wb68aNx+tiMzF6baGABHOi+e+4aH8hryrFWmZ5hHyGyOFvE71+9hTWLXpOkQJL3JinGitg56JJgJ+0zLAT/5OE8SFKB607QU9uuscBp1vS5uxvL1Lamsbz23RiMwz+iZsiUIUVvQ9U9tuGhi2qzrQgibTYu1k/xAdvLYO/JFnquS00Hx86Peu3sLxMHp+CwLFmmja2A35KU3m7r/ADQSoYHPfXRn2bFbNVVciyOKZj9c53ioncnBPrbJjyTMHOmkXd0jjEIjE5eyNsuiQjZbayHVQn5K/hbUll9rLrim9HakpiJFXLbHLe2cppCDzqtFQSDm6z3AYrsLrAfikcuF4QFIJw49Sx7K+wjwkTsaO3Kg8BZnhhM2knZH4L1bAWgnSIOtZlcfXFX08t65iuz23wAoYD/314WL6S37RJgCzRP8++033Io2cEPQy+uh+fL8DcDj8C5fHNqiY98jiSlkOL/mE1V3Ba+UHRlKXjB57QiDKhhsmT0nEKBq8A+Efuw/ODDwK4HJy8HukFFpQT05zlfL3essXBXq+uR5c0eW6nUJjgYTOoZd9D4IrfR2wjk/42/FKYpQjWfQih8btlBs9JQuOTFzf2Y+h8kIbeeNe2eX6CazbKhZgLHex8dcEhnaXFlKjm0fU5pzDiEkBa+TLVQkkzR4C+gFeu2faE4Pz0BR8Q+tyTQZbyYBANX/ABm3OdoZ4TOzSE944LnxHJLNipUFKRXTwpr5PuA2TP8AmKWIo7vojYVEqS+gNKFfgfxmQEdAXf1DtEcQPgQC4j1akFtu3bmEQ+gr/eHzjsAAQ+yfSETMMwLIjc/RCF0GMV8DxSAdhExaMPUEyYAPFtZKVcHFygRixr4ZfnzrifnJg7lsrFFA/JLPya49/vbtpQX8GSal4JCtNm0laNfFkRvGmFUGpbOVno8zIj4kMdK+lqqPUp6hvlOSVnlS9SQyhjAAfuXLwVCgngzdtYbYYNY33Y5tqIM7h+ZgEFlYYGwXNOhnF+NQtYK+HT6uiy2yIhD/AFwioA27z41j4J79/FrimMgKA6hkfe4T3pMubw+29+XFYFBvTyzHff7f/8QALBEBAQEAAgIBAwQBBAMBAQAAAQARITEQQVEgYXEwkaHwgUCxwdFQYOHxcP/aAAgBAwEBPxDf/wCNBZY/+lrkO3Nx/wCmNkn6+/qp0n/xz46nmz/VDm/Rvjf0Mc39Pf8AUO+CXX+pP0988evP+vY+PGec4k2Zr/Tnv9bf1u/Rv6r9O/Qms4/0xZ+q3kz3/qt87H0Zzv0LcFxDxtv+iP3PXj9HfORjjm2I/wDAPEdfQ8ThNz6s3vzJ8eCSovP66PiQ5n0gK92BB9LaCYTt4/Fvhf1dt/0LvryWxLPJ4z3e/D45MR06WD9PJ1+oE9xIT6ecLnG3zsyzclZ72ycP0N/W39XM+gk/CCczcmzMObYM4hxyGdkoepTOvPPhAej9Js5uLCAe/wB5XXqfGa5DHCcEfoZM5DxE3W2f2P8Awab49R+gh1cG6FkIYwLCw6YV4mAOr8AvdvkadwvaV46WiOSyIh024dUPzE0b+85rn0Arhd5CI4wA4XvqxHH9bP8ARZ9DzD9A7Gfxz/mCkPeUuD/X83ClzAXrqfXdqcJ7BA3bY6J9A4YPczl2/wDyev8AMmeFghWvGRgnJn0jjt23gdLPi5efpyz/AFeec2DP0BTkhEb4haj4Sn7f95Eas7gxGfa0fnb8pDY5sswV62B+IF9XPxYcwYm9yZR24TdNyY16L14H8n/dzpx/JOBx2x2ne5MxvLvjLXp2/iBV1Mcez/mxOX1/3BZ+hn6GfoZ9e2/UuuI33b4yyR8j1OB7QBSMAkh8mNgYonyMPMZg6vn+kGgyG7GPaRFHjLD2OOZYwDBwGByYA0gAhBvNrDSWchJ68SffHMdrrLmOB+LKIr+LN3V/zaD2Y8r+1pAnP+ZvOH8wQ7f5/iXP3s8ZZZ+j6+jLPOeMs/Uzw+Vn0go/3ueOPfuQNP2lBc3VgOr8LtjiDmRJmRzOICG7YC5g+Yo9kVLcFweeEKB6heGzA9Scj/e4pz6WV/vqxojfHufnHq0d+WAziUx9/C4L1ZZ9OWeMssVy53ifzZxp97kFpJM8YTyQ9POec8ZZOGzx35yMtziGeDqzGH1IZ59G+yYBI4fiF18S8Gdc2o7MgIDmAFzAv5WdJ9fE6wt5tHiznFIAz4QHtLv3h4djTgPfuHR/Jk5Bz/Flwf4ugH7z1mwrmRKIxf3QMLQz4E/vF/wR4yyyzynG+HCyNGT08S+svUEYzyZFmzjvGec+teZdnuefLDKD8pn2lqwur3ZZZ4MZYGOrrp1ROGHOMriA8tnPL6jBH2g7zC8Ia/wzlgHIThOCOxCKJlp7cT3lhGCwk6k7uIeS0IzIwYBejRDHjnYzx4tctXEjgFwuk4o8pRCWRUyyY0bDTWQ3vL8quZNdQwigzVJi8Et5bn7uJcyI0Lfavc85Z4ZfayfwxMEGX8SYXJjPcI9lzQk5syXqTGJJzNkbtxzh3iWTHi7TYqYKI8SC/s/5u5sQalQJhEk1/wAQzmfH+zF2s2/hIh9s/wCYBQtXZ/f3nDDlno2KC3t2DnuDe1h7b+IWNu6z96yLm/e7EcrVlOrfkJzh/i5TT+IxjFb2l/KEjlyJuISJg00TQswXccdWPhIchLmxtQOpHvwz3bMMZoiM7Bc7z97lcbCR0pwyQFqe5x68Y8ss5TP+duQbQixGPPEAM17uAtpyTxbEP94+bh/p7tn1kYWQcL3YdWU0meH2tjmwufEiCQYgtnD/ADYP+vzJYOrm6jExxaQf+JDT8WPn+V0jLXNm81lNYbYW7GxAXcziTbG27X82ieLOlyCyvHVgRy3IHXxPi2oTKCRGcWEhcWV4gN6/zZYWLFi/zawpzKe7USUx5J8r/wATo82BsWt7jtgIBKA97ZWDiGe2Bn2jwkGKW/lCQfE4OIgwuLLYgdwEMeZwpc++2wYkmn4j+67Vw4cZ+0kqeblynNsYnEV5bJQ5X5vVDwW28EJ6WIBDOJcMN87EabILOtoY9WDi5g5LieRZ3KSDeM9SbulicZIXG/383CP9fvfB4JkTI0Uzf77t2DIbiC6/36seb/M1so51cND+JC6S7bCjR9HsOfr+xHUkYffaDuEHZI5bd+/7yT1xYqTmH/H/AHAO2Jy8xkAYDynTiD97X9yWdlXHhxZrOvud9wBwRkqwtzjLbW/NyXSCnzsLg5lpxNBLAZZ9sjyPuR5Om4r+UIcIJznMIPhepHSM/hZflZI+iCcNo5ZXzG7w2/K5LbLicCcn4sIfHFx7j1W/xWMPq9yMQs4L7lv7sTp9l9rxNr8b8fD92+9aPcae7l52zPfhlhGF142fAx9G+ODliXjYRe7IL7XBRxYUhmSJs203jvx1ODiFJHDmAc2wGKEDIzjqQcXItz/KISiUhZdSUvMMchHLYS7ZXV+Rlw4zmM8mdfd/fvLEEuEGQsAS1HFpG2fBwmK6f8wzT6t2287CIA9fRtttpaW2ngzbbbbZ+jfoNub1kmHdne5T3dd2E6gPV6CQJndoGeGdcDm/MWnezNXk+0LFc/FjqD21Pt94HZ3+0AxH/H/bfDn9yEQcRYfe5Mcye8/iDtkg6se42OGcW3qWxgRPZK7FyOphHUOZxDxIhfGEwDm3eYgui37XQFzc2/6LLH6y68EnEqRveWPPbNc5RmW5OOnD5uzefI/ltpAH+LLqfzHdl8CWsp6hdPjOzbnQEjfPD4jXXPFpsw24H4jEtnZIBD7b4HDqUm5HuCJb7V6G2QLMh9Rg5bN+0G2PxdRaJoD+hnjfrNeoMc9+L9WeCOINnS+FC4XuFnt+Ed91/v8Ae7U4Ljlk5I/N2C4Nt/ZOOubaBtG10b1MBgkiNF+86PPmQvTjbJCxBP08AoEmbUEeFot1Sw2y3MsBAgHYCDW3u4EOFnWZNA/2h3xzadn07nd3Z43evIbchDzIz73fMx4bIU7uIeQDu+J5ClvwRS7fwgeDPxL6JSJhwTM5gCK6HFlcuZANWXDhcXM55te4Hw8QdAmeLPuImAuHlHeePES+LOoY+2bpjHMKBl5/mWXK7Jdz7Jcy4n2uAs8dxebT9ngbzdF2J8rdZAB+lmdWSNgzazmLeMsN0nFybb19AdCcvEKDcP8Aj+/tFYX9+7/xOtN38f8A3/qd6P8Am3jW9GV7snRs8aDuw8nu6NxcCdy65YxZncsroJTyWThuXclD6s5t2XbCMWpxk1twUuRjPBLOM16N2S3Z8vGXD8S0Z8rjT5zmmzo3JHzDzPh9ZaeBxnjknqyX5jmPCjgh+bXSE9RjFOEcy9vP25f/AJG8Z/37RN5R+f8A5L9nP7zZ8Q7PLMOrBPST9xfNLddcSKwniU4umAQPbLdzuRxYwLi56kZj3KrLGz3GMXNzDYdLvzo9PyXCrUlHZ85dz5+B8fxLRu24yyV3bbeM9ye/B4eMj9DJRyQjZrZHCE2/cgtVyjqofl/v+07nwP8AB/MjgTp2dbzn9/FgxZWGYdkE4IefEhxzOu7MlLC5tw1kKTmQkbCe5SX97B5ieesrjOcIP3QRgGED2LHh4hk5Lg93x3uSAC65VbsuZcjc3wH3+1sMucuocvNvC6JYeZcL7Fy+vPAXS9nVtaxp0iBOX1CPj9HNq+B9vbGG74Dj+e2VeY+rb33971j5uAbe3wXZ+6cOW+wtO0+qC8+FzM5G1tTlDjn1cZPnmy9y9Be4QnPCNc4HEHhOvCaem6ShBx680r35DeL97pnVgC5M+Z8rtKPN27o6lyj6T3epZvd02Z3JvVv0FkO+9v8AJcw6jxiQ3i/wP3Ykfq5cn22mOfA4imRi45sbshqt6G21eKLsWCPj5TwtT2ylwtvcj4hZK9bDnbLrckrbpGI9P5/7tc9j4huYq9R4yyEp1MaxHkhPwWTsHBzIYhyHWWDcy7eGuGWuOpcs+F7t4ltjufGXfGSHqE8BEhEf/g/7ktCwP2XP+12anzw/gu15HoMO4Ji/l5f3mKdpKZoFCvc9cty65tO7qMiLvbIkkkLDOHBG/Nrvdwc8ypaw8LbZ9DmDD6MkdZyB2uPmPAPMD58YPVkYWN4mSIZR1YE4uJoSl3ZCMe8/3gFvxFCxu0rXCWbKcvD4Zu1vhjltAgXiF74k3mAcElPxcSgKr4mAf8nlsvJ/E/Yg8APsSVmxeshk8oIAslCWPXMLt4loUj0yn3/zDktdX2rM3TaD7wi4zgS8T1Pj5Qnd3FxAF2EV7gvbYAtG+0szWX3/ALceHEBIvROq5KcWJOV2yBAXyWTd92zcTEuZQ7jqBn6XeUHJ28bbdriRpmT6E8hcD8weR/whzRo9QmmbaZHAjXcKFyuDxOMmQp3d+YcjdEl9XcVzc3NnkzwA5bS/mAC78KTiT1ZaBGQRZxdOrtMm2SxgJ0wm9zgGBDQ3UtNgG7RMSNjZHrbuf0/aHXBv+Ihkoxgz4PuOGeywBg5uTtjxDDnZCYXBu0+blOZ2+jvHkOcFhpnH4tMrmyLiR3YS43US8BXAvuiZxa9wQeuFgJ14szZnxZ4yC9nqPlnm3wNuBl2FcNp/f/y1BERy5eI1t5F5MMYOZj8FhYhzCQACoHuc6MHzn/kuQIP8ymQQcepXtuXu/cVybCcE4YlwdjpsQu0nLXJ7+gkCV1XYO2eYoxw0I2a8pQ4JzcuTiD2QkFz3eh8yHJKZ83BnhyUuJSWfofieW7sLObkwnBL2/OQnHhjDnbBjwt7UY6hghiHdsBcVCYJZamA/E/ayHQxz1vA2hi4xsQB153G4ZYzZ8xKwbkSuS2222I4W/wDLPT2/e0eDIw4jTmceeJO3qHOyM7sTNuG5OvBYyvZcGLpJqfcllttttjZ5vgOzdNjDjty58Qrb8NPiAbtJ9DHvbIHV8C2dwen/AHljYL/f/wBs+peWJYngv45Joy1/fznyhS9XpchdvBi0ln6FBsGF3qKmam8Toumrm3IntscLh3ZksgsWZDJevBv3YsW+G23e5cWceC3MNtnxZe/jqIIkntFpb95L2Ev6nLBkB2R+JX1fIX4XL1/tfhadXiUgZCtkNnh1czTqG4PMGPCz9B4x6J1at9lhnNg7leCVfdr1La8s23y+MubmDxnGy83MPNvl87DHxoRbOMFW23JcjqyYFiQSST7rO98Q1dSmCGmkovkihdc3cw4bKdL5lssW2z9JIgDxGu2UJg5SfFkslnuxssuFn6T0eFjnx3evGeMjvLZGGdYB6i2ckI9lijCDuT4AlrkR8XTsAzb3XHzHu9y0gP2sJ3Izw2ygYy1lllwtj9DbeJhytXqz5ss8ZZYWWXFkllnnPAfQ8uk568ZevL47iPSzyPhNMuRx8DGJdq2S8vD1bbcJzcm/sirZwieACRN4gXDSUvY/xDBI7JP3ODh52369s8pZdceOrfGy25bBt8P07bgscEnHj1LxH0Hyd2W+OJbFvyQ2+E+kxYsWIEBdxc2rHi7zkvUufc7jTf5QE3E4e9/TW0tPn6GZfDlpMtu3U7atWHy3M/E5svgePHrxlzPhA7LvPjPA8w+M3SGGVsm13nzlnhjW+VyMGkty8jddgOnLG6ssQmP02O8wLymWTrybN+Hhrlzk734LaX3ttj82eMj8+Dlnl2e7N6i9y/S9SeC7KHH6Dh8IJjFYLJiRHCeHFoWYLciLeNEk0syEI4Z+xmOeUicMw8zcv0xfG+NtPJts6m22/Fy25452btHg+YQIduoifD8+N+bmHLUuFnp4yfBEqGkq5HgvMtG9WwmWjlnBbeNFGsMcgEvN+IZeq25IZ4c/TMOG3mWeJ8mzF2A9yTHEzfLr1YtmRbbPjPDHh4vdpb4fKx2EnJ4tLS4jNqxMuOrfBbn0Lm3jLiTSUxLtojmTyOzPT9DfGzFmJmLa+FN4vuX3W/a2ftMcwS9I2J2SDWzG7brwRPN+L8xbL493CHHScdbnZDmVfa12fxDDAMkRyPqydCwblZeo4WbAbBkYs6fp6l54sLnwvq3OreI5bricI21lbQLq3xw2w+54Njg8kN+bbizw34uGxt3JYrePM14E4tyyad2/oLm3ifDxeNSWIIlt+m//xAAqEQEBAQACAQMCBgMBAQEAAAABABEhMUEQUWEgcTBAgZGh8LHB0eFQ8f/aAAgBAgEBPxDLLPwcLCw/LZZZ65Z6ZZZZZZZZZZZZZZZZZZZZZZZZZZZZ6565656H4mWWWfnM/Fz1z6cs+rPRJYsdRz+Fn57PTPXPoz8TPoz0z0yyyz0BqARh1D5Qj9eWWfk8/wDmZDkss5ZbZdwj19Ofls3bv6Ms/PZ+DnoPEcPEeBMublyHXLPyueo1PxtNz8DPTPTLPTPyB6c9XRMPvcuLJVkni6fmO/3f6fxlYN4z89lvuz0jMl30Ot9DdsPmE/I59X8z8XJ6/az89w5ZzLTMju3eUnHT6J1aDh6Mv0M+jPTLPw9hzmMI8n4ZPXFxX+rWN7/Pcnj0DYw2GYdS6bDjCwzlgeAQ6jQPTLLPoPxUibA/DEzx8/4uHlbs/wCk/k/PbxB7x1ljUC+m8wcpcHtAjnHsgNHmG+373nCMeSaB0/8AIMM9M/Ey5HmDsvn6figngv1ZB83QZz94cB+eO9iHkjuO8kb1PAYBySdsPTGWjiV5LIJLAmWu5JJ3yy6uJnUI8n4a71Kx9/p1K4/4+o7iPsMnv+ePQh9HgG5MKcnc8F4xYcuyjLve4M68DD4G5onO/Q+Z6OEcuyI7IGlocN83oKvI+lciU5kuLMiE+TbbZYLPVhg5H1YDObj5kajhb/8AC1MuzUTPFo8xZJZFlkz3jmAzkrNLW2NXpB3ls+y+4/1+P93X0YNpv6yO8tRRpRjnXx49UG7ZdFfssnmP2hcN+jQNZDNP1tlGRr2d2jyW+u2/m99CO5K49RsvoSzPUcRsgZ1JTiz0moP+YKbCL2HmHILde/xF5UiDmM+vVLviNDxcQ+LfTv8AtbXOOz7RwrNvr2ZeMkEwP7zAoId/8uDg9Nttttt/OiOpF19X6U2xu2Vw6IkQuu52i3KL94Ip7w7jwWeKh3fLfPfNbsiXiIIkbDjbLZ2udNteH8/8h+z2gZ55dI9ZfILqnY97p/Mgwdnh/wBRPE8/8/B2230380EHqE3ifd6bbD0HB3D09P2hwnDaQH9eJlJiPsk7dI5TueEIVQyZ7Hp24YcAecI/PK1HLoE3Ce5KiWY47YVjYmXQ+ElS5eb7eVhw1ikhlNX5tCIP5t+gfpAE6EiR+9y04fpea/xdND9P5j1ni2222223122222222238jxHd8Lpnow93Hn1yCtg4DOIIB1+f/JsEP5vlQIAN8iwIas0Q6D/Es5JhcZniBrwyeyM46mp0jm2BcdTGCXsgd8lwN5/pdQGn+W4H992clxd8QrweZR48EJ54k1jqPyj3zlbbbbbbbbbbfTbiOb+I3Afi494fm4uLC6t+nfTfQfq6QeNjn6E49H083PFrgeP+Rkv94lPvxsa/S4whpW5Fu4M6nPZIOxETeSc8C8JsvESTmM7CiXqYPN1Yjnox5/mwlPsj/XxBOGi+HqMM/muxo/a8jn8SpxZ+dLiPibk8Ww/3qyQ/H+bo/X6dtt9Dlltyw3Srd/m7JZuS/wD2wGo4NguTnnO2222222222WfSkhycf07/ANXG36Nt9E25vXcK4F7W1jmSDi7sk3g/vEHx/u28fiU/RPhe5/m5Cc1Yw9HLazcMnnYN6IHoLNwISryc5+/n9Lk5FxnZx8+OLfawELa8B3xJnC+08OJ+k6xy5n67anmL7Rn+om75th3h/wC7E/dTrTh+vtGKNz6clvo8vdKiL+3+rqjHVi1Nx3kqiOPvaKHY16rTLmGPBc5eHo4cvlP3u6TxbbbbAtLysrZvxZc7bHdwNiRMml2aPRB3CnHrtwuXoTzASRaHCDiLeH2gV4P+7DmTKx/djNsLxiywxcMhw2BxOOOf3iMCc55fP/kYdv6/+R6wWg4ftJEQuCQyysH7WwAN+LDjCMMC8KJ9rICxz0XUJfd50lJYi87/ADZhnL72ijHkf3gzkyrnOWwQ0bqLXGLMgFxAXiE9ZoZYBdEybOEOc2IjuyTnA76WQWcRIuDxZ13MuFOpAvPtxZhZYNRKPHx3h943003LeBIvEYYvdqJRdz9P4lXQkAcLsyvhc/095SZ768wmxTGeJtxJHP3z4Lu0C73F15hQJnNct35Q53MchYR3KrevttsbGf8A5Ajlv9/W2OMhzOwD4LHhlP6U/eQ6yh5biPCImUP7s0cO7Rt3kYPvGljq8W95ZgEe94NyQNI5OD1sew7PJkn90HhxYjYLbaXDYhlh3OE246ltz/YLf9C3tn8Wv6EP+hA9TCLi1OMfe4d69ElbZxHI2IPjLfBuRkrR8rFkmxYOI53Yu5O3Vx+0Ac3UpbRnlhdwLZg94WZkcuozOkBxvEfb0kHQkAjgHt/5BuMN3TI1glIjeH+I9dHf8tx2ZAAXmZ5sJ4LhOdtiUfyngW13lLzLBzgz++Jc3N/fiwnd/fiF29r7PEet/fF56bmkaymPbeIgWreXz42YSQ6x5PvLDGzFo7ys9MtuPiz0yc8WegHmWeWe9vG8wpzBvFm6b/E5cbY/Mb7sd/3/ABLnoIXn/VoYwYcs54T+b5f8xj+/+yDpaWc7h+1uQHUrkyrCNWGm7AWFo8STqH3XfG0eLViOPMBiBXRi0yT8PSA25yL/AIhZOTlpGDTUnqFz8B7LZB7y3qA4CPtYzkge1wcZpqOo8MIE5j7sgGJ1zeerSs7H3l98ilOsezfavcFwgC07EkXC4fLfcsPDex/OdeP5ynOLt0tnQSrv+pTtj3bfyyrzdyWHpxIZz1OWR4s4tpFQER8TwdTQfMlA9pbJGDDruztzNJcyRyDoeJzjuyve0rMnni8jiwqGw6mMmiZQReLZg3BvJCM4GBaSLLpkgplzYOfeLhwLm5OIKG7pmXIwLqYKlnJI8o57cZaGb38ZZYnrJLKdvrlllnoyz6BhcXFx9OWWWeZ4nLSFoXgJA6unEdDIXcZkeRJDvUwtclgcv/bCKPFhgYAMefMCsNk15TJ+JPYW5yefvIU8ZanriEeFzYyPdsLqy9az+/EJbz6BmLRey4cg6LGPMbZIfED49D3zFKPggKPUz1xKh4ggB1O5z+DdttttltYPQ5urbjY27s9Nltlt230GOYxySDg2QPC4udQScbYc5kIxdR75Nw8Q3Yw9HmA8QrzbXVtSC4bH1OHM7uLMuJtkLmxzVmGmGweHWeue7R5gQwJzlbxOehusg+SMFkp+V8kY68MRzYEBDGkPixR98/e1cggPTNjvGYLU4+vY+Hpj6B6MeihK/p6Dq5+hJ4hZZduocbBvN1jaAbRw83xN7iPhs17hrYzvnpuXOIPlzAGZkvhzdxEHYt8XXtJ4ts4irk/aATpxZ+bD/FhLtEMPZ5f8yhP7xaouocfVluIEabn/AFdQmbZZAJzhZNSlD5EWp792ej8W0NjGgsmefTjLDkbPTYYN6kSWOSxO7OLxLcMnEHfi6tmyLZ5OI0idsjoQnbAZRHS6NY8rs82Nxa9SnHK0883xcIebJj1CPZk65EDoWHzPih50Ecz2koD7SIc29iqZzdn++LLbwP8AF3jjjiwgna9yK4gh7DibB/eJ3+rq4G2b4jtEA/vE2X+8Q/Rxacv1Tt+9JJGdLmXxDjZBLfwduXdsB4bUZWNZ1Is82vUaEQWO+mbJ+/2sW3J6/Tv/ABY+Sw6tjm0SNcRlzBwV9rAW2mPNxjhPRhynq+2fyvtF5WJcMG0AHMKGeYmTuxeyodIbuieaJ4GEFPeRV7rP+urg4iQN7yWCJP0/Rsz8p8CJ+lc1v8uLX2T/AHbxZFYYuhEgZ72/QXE3Powbwx3bexPEvQLzI8WO0k72FHkwOCvHV2fD9rC4nZbHUAdhmZgfE49Rva4uGxNW8YebgOSt1LhdmTr0TfBBrxCF5ubfb1DR+sTQZATIBQWhO6yHPad9vPTt5llrGWRwjISBpgkLTbD5SDFw+xbbfyFxPuSwckMYMplfN1DNzH1DD0kot4tpzKHLeFLHqRoctnuIiOUpfWRDY91bYQiLrKeUkL73gMtC+K1dWvEkMPb8z5D1ctwnJI7fyvBnptFnd5uL/wBshFH6y+AWU4wF7ke5I5QTiMC5jsZjHkun6JecYsg4gQsTaC0McxO8Pe24WAvj0YN+8dD9vQObHF9C/eLTzce7CSyfpyGO2TuwkXCM9zolvBcUmr+LJ14f3nOcj3JLlafteU+1yhzYJHYTOwt4ITyx9C17XkYXCE4uvNh2F25kDxJ7M+5aXq3MITu16YPdc1cziHlstHZ8S3VxQI7lz1fMl6BgYeoB1+IgxXiG5cSGiPG6XY+YcLplxDNQ7enmPQtK3eoexIePTPRLJPt5n2Eu4mFxt5fvI8G/Nhp7sB5LELAk9DmUlYua4bEIUMLno9B7iHeNvsoEVz5gyAMMz5vcWusmJsk5tYWA8pRmTuFpiTl7J94/J/y5Xw+bFiSTB2U87BdyDCdk5koInVzMaS8Xz/mYOlpMBHXo9shhul5I8GPQPXlWZ6b4jZQ5W8tKeN/R/wBTgLuFh7nWOn9WO1v9+JxvSAGDcyJXd7I5cF+yK16Qt4gHRCvEbGxtgWu3uDLGzvCcXeOCeuMPHE+89QQ2TGJ8hAfExvO5qXYJxb9oxleG3rW6DaHmF0QOZ/qNTjYdYyHhtXUbXt/JZgB8yNG+iJzlaF0ukMh0sdfR4uTnO7y0QwOZ36/p/wCy2vP9/viwM4f9kdHP2sXRkB5Wwcc2+GxM8RuY2FbasbhzJeZEZ2QBn/H+4h2CnLfJ6cybC7asWEC2RCWvEgvOXCUy+EjYgS0XCdLjk5h5RnYrze0FrsLlymtiNp4YpAxh5WEYdui1ws9skFs34hxAvUjuKnF1ulhE5j6G59nM9E15QOmSA97s9pA8+ihYuHuMdjsynVhhkCvBly/KFxkOA222/UDXhHWHRdHo9dYIwvNnkwh1Er0S3ue7cYZ92962HzcmLyMO5ytjwz4pCzUZ7CewbDp1bBmUHdj2sBsA6TU7pKF9obx/fMPeLWg19pd2H3Zieo43mPoepoggw2OCFgcxkg5uwtsUMc3xndvjzOuGPAI4Yh6GrXo23030BeEQy8Noz8WfezlplodJV8QJEkbKEkVxkd+k0dLCPDIX7npk8W4Pi1aN0BxO7SWPD8MfK/Sxcu4QO0h0Rh3g25PeJ5XIRuDmSehgGkxMBtkfShHBhc+XRHWIJ7GUuHCx7Y1ZnDzdJs2vUGz7Rosguzt3bPmBgbmNg+no2y09twlLdLPxHMsA5nUTlbVhYLon2LQZJ7rY+65ZuUs1YBgg0jJPEdMncPen0QKy5ymb/cg0p3RfJJyfXlILpb3IegJLLILLLJ9Mn9ma89fFr32x2eZY4tPHNw4s+bnq35y2hvp1FuthBwyOqVCDerRBZZZZOQaCM8XDUMokzlgpMgztj3k44bh5kYQ8NtPb9orztvxtz7W+RLdkIcJJvbCrbi8+n7mxgZ+g9CH2ShxZjeUMVzdkT6ZH0JZdtdkTAHadZGeYfA4uXdt6IyLHsvhcTgtNu2QiFcNi02rPeYl4s3iHa+11uU5k8+7BzsK9s55kNDuckEmVeJg7ubLzI3nqEeWy8jC3UkpzavMJmNjxasS59r762wSTATPNtsYtOF3E7LzEnrP4LuzebR72b6BLkbmYDq3zsOd2G7K7LzAtn082+nEvosY5A20h6WF5uVwYKd2gLIPRXtJtpk6QnSy16FO1iV72i85akeBnPI903HbHI2MYgDGZzBeJPfF0d25E9rUZx9GWfWPMlJzLmXeEG7DQLkxZtIxw2+LTq23JTb6cWem/P09H3hA9Cbk9Wcxh36BkWD77u5GbOEk7nJQInaz8XylXoZemWdw42CbsI8Rgzm0aF4jmzHDJfORROMm8npkrnUcgtmWZZ+FwHCdUV7kbzZOiGPCyG2SpqdF33Yttttvpzb6Pr3Lot4jW9i9lmkhtnOZZxBBxtpu2cadWbZam2WEIwaSWSHux7WLCBzCW2c2WWI6XHkAYxh6sD+IxQObuNIXRhcsNt7hMnPrn4A4c+L4dRw5l50gFh83Gbsckx2k8R8oN3YfEs9BH1HmR4IzLovle5LhazpyXHi91bktRDhAys6wxm1a6k+jZfQ1tu37W/a+KU+JT4sDHSJz+g2jxYBjd2Sn+6H4H7Q7EoYfhkJ8SMe8CwEOcSxyH2tczI14sfJH3gbEbdhLLIJPo4uoNd9HqQ3WydnbrmY5auW28QYD8S4WloWnNjqSz67kbUXB2yiJICLbbltO4xxB6uXi6Tp8x2JX8XQYIDowLq2WE2EPw96BKOtT5P82nMFDFx7xwunZTd2Hpk9mJz+lpuWHi4l+J136LxzP29MvZay47uBPBDO7WSby+vBkXwgc+xCaQmXxdcT0u5Fp6nacegqbdK8qz4WxlF5khkgUPNM8eGxHLxxC45HzHbNQnQ0NxB9css+p0a/39bOOLOsgDqQZZLO7LLPF2nmTB5ufEPvcFg9k51GJ3BvN0yfQcyKwAh5lxPxD0A6WJM3LDzIbPZcPt2+bI5dId9Hhks7jCQCOy3Icjedu7NYWmbINmlrUIQbbUlDO5eA6TyHcYlwEo8n4D6qGhhAJje2MefMB4bAeOvQlz9MkWw+JXhseskAdyh1YfE5ZZn3205cXuhBptz8ycNjnFntcwOrnculwZJqXhaSXUA5Z1YHExZPZODbMZ5uLPRLnPvZ4hI3mI3ktLmNSF4noeSxu8W3wfwcsjTp/f+/6teoGF3BAXFsHOZXcfMDxJ3zZnEs7j4liQnMC5JMcTvUZCWz6LA2SOCR2eboTPXEnm09wZwtgut0uYzHZ4C6RcB5ebHni5uYT5IA09T0G22GQ0vHcp0fSyXSRnuBkES2rff8PMVmD2luJjyuRzPc8dzz3Ctj3sQO2xXd33Z83dyQbzDnbvELfQ7xA6I8cXi5G0LxYsfPFodbGd2MyxB7XB6DHbYfFr4h1s66k8R+D4vBETZNtwws56kR/En//EACkQAQACAgIBAwQDAQEBAQAAAAEAESExQVFhcYGREKGxwdHh8PEgMED/2gAIAQEAAT8Qu/ml9nzMu3/4gaXzP+1PI+ZvcP8A4V/8a/8AGe2VKlSpUqVKlSpUqVKlSpUqVKlSpUqVKlSpUqVKlSpUqVKlSpUr6V9KlSvpUqVKlSvpX0qVKlSpUqVKlSpUqVKlSpUqVKlSpUqVKlSpUqVKlSpUqVKlSpUqVKlSpUqVKlSpUqVKlSoJe7nNmpYgXDOpUqVKlSpUqVKlSpUqVKlSpUqVKlSpUqVKlSpUqVKlSpUqV9KlSpUqVKlSpUqVKlSpUqVKlSpUqVKlSpUqVKlSmCK88QUjd+IUBVF75itodQp03K+lSpUqVKlSpUCVKlSpUqVKlSpUqVKlSpUqVKlSpUqVKlSpUqVKlSpUqVKlSpUqVKlSpUqVKlSpUqVKlSpUSDDZHb+I2VE+Yiw0fMc0x3ChY3KlSpUqVKlSpUCVKlSpUqVKlSpUqVKlRoqVKlSpUqVKlSpUqVKlSpUqVKlSpUqVKlSpUqVKlSpUqVKlSpUqVKiXvdxsqO0cvLxEApU1ZEYavecxElK8S5i115gFolQJUCVKlQJUqVKgSpUqVKlSpUqVKjhHbX2lSpUqVKlSpUqVKlS1XWJUqVKlSpUqVKlSpUqVKlSpUqVKlSpUqVKlSoHQWkxkFJxAXA7qyUZ8rLcpcUxRxuVKbNfeJnHmo1Lv3lSpUqVKlSpUqVKlSpUqVKlSpUqVF6qn3SpUqVKlSpUqVKlSpX3MkqVKlSpUqVKlSpUqVKlSpUqVKlSpUqVKlSpUtaVo3iBXhwX6koyHLc60psHBDVGXRwTl0GZv2/MY8HZHaNysSpUCVKlSpUqVKlSpUqVKlSpUqY+f9WVKlSpUqVKlSpUqVHANhfvKlSpUqVKlSpX0VKlSpUqVKlSpUqVKlSpUqVKMR1vpJmU20Z2i3HpCqDZuOBe88IfZeIF0dzPRZPSyAUHouWRdPOIpaKuFOpUqVKlSpUqVKlSpUqVKlSpX0FFXjLuISAdJKlSpUqVKlSpUqaROtyUX1XiJSmaz9FSpUqV9Ff8AgVK+ipUqVKlSpUqVKlSpUqZLhuphTo2y6jQc3uLTLNELEHnBP0KCqlh9OYYDYZozGV7DrMLtvakGqxA4hgFNWwt9SpUqVKgSpUqVKlSpUqBCEb5CrRcYYUad3KlfUCV9Ff8AgNU8td0Mo7ETOB3HSNg+NcfRUr6KlSvoqVKlSpUqVKlSpUqVKlfRUqVKllZy4qJdJjmVti1ysaqtWBILRmvEMDN+OINaUNSqV2WbiUKoatnPGI9dVeKe+tMbtXdao8SutAVng9YAvpeIAJjyL/iJUSwVYCKgk5G4qaoKv97SpUr6KlSpUqVKlSpUMMxRzZFWz95lacUVbvBElSpUQCugtgWWc/RX0VCHNUTjkwYYhjj9zBKAVMekfoVKlfRUqV9FSpUqV9SvqVK+pUr6KlJRiuDFt1HSrJgb1KqqWtOeoa1KwUOLhsjIsHfmFQkNlRKEpp6TiItVNW9/eWq4PZbUwiEukbuZlOLy6lEB3EASzGxuXLMyTQauCosz9CAtAdszCqYTD1jmOoh4+pX0VKlSoQQ21pkNsy7hKjEYqBCFiJyeF8SkAMpwEfoVD6BrxpuxeMkoQKZwQJoUDHnqP/zABX1KlSpUqVK+ipUr6K+ikxhX4lOYqbJVjmNoSxy6qMEcs65iACeWdOo8JptUaz27Se0FhscB+5Ri9dgfiAslXrAdr3JZVyWLY2OVGmqlbTTMy+G6XiEr+1ujcbiZVz7vEXRIWdmIVDZe/EP3D8SmAQpcGBBUU33/AB9NZrHz9SpkgdAtDsxQIVEDJVwXyEaDq708kZCkprP1KMUCh2xEiZyWommgFc8VMjJT1/5AQzQW56Q8mHDpgzHNgIdm4/8A7AAAAAqGGNW7lfNxAdfRS1xauEi89FQSo16qiErsQ1cKhkItyR81qU8ysblgLqJa+2UlEDGlsFmol0ZYpk478ykJZWioNK674lkLiN5s9I7FLR5uiCDX0gYaAJyBDDGAXcUgGi2azx/5GooAS0Feh6SlPfuupQHrVUB75mEEVq2+c0X9Zv2qypkXXSFHeXPtAiQ2O/SfEHQVtZdf+AALcBMt8waqr+iJlxSxscGz9zOk0sxGx6/+ABUr6KlSvqVK+pUqVKlSv/IGWacN+YOPeX5ZjQ4zMG+YbXjzG917EsYztmLFQN4HzMTG4lKuNdwZu/tKwb0goC/HEBQKB7j5yI3k494RdemOPPzAiwXcgoVeAv7sMwrtkD3zF0THviN9WWUjPJ4hux5zpLcAMlL9GOiA1bT51GhIKsbVV19J9PY68PliwWj1KlGRGlUfu2KqAJyesofpqpgC1h9gNBqEVVrKxhv9zP6hAN1TE0SVwKtIYbhG7B0036Q6trgcN/8AXz9B/wDzAAABX/sFY+lK1mD4+IkxgzQ9YDyJ2Qqu3iCDkYkGiBWeYcFX1EEwj6Raol3AA2NGNSlA4tt1BKDjG2XuF1sGvrOQPcS2YAbGhg7I2efTK/JgALVaTXMxQ1XLpXN3vGIl4swV6D0gVFW1XtnGcIg2jp9CIaG3XKqkeeIOT55TR/PBg/bS4LlOW5QdVUSBvgXD12EO+b+7BIQDfZ4PM3VqhuGjEKqvthSCZQrNPhP0jjtjuma1Ks92EAlvP5MsLIfM6PEyIucn2QbuDimTkg/uHB81FLbWlKZyEtFrm9sb+g//AJwAAAV9FfUqcVEDaX4hVrvOdy3a8UxsrW4OJeKhntBeR7wULLRwzEyB4jRrBq/aKnEwpuiAlpbtlfSRSpmznzUoVb4FTZiq4zmVZFKjaa839octBoBr7xL/AC3aMZZmEDLX2qE9soG6fiIhlVKCmTGtY45lC30TK2+sQFRgbsvHqf4l5CNGLsr2uK7YrYXAPeZXWwMPDC2gLdpUJ8gGveA/sZc9So3ddPllpoUq0R49ZXvlivS4IAVsiC9D3GGzcK3yHOswwzALLya3LCykcjgDx5l1tsK9OveWVWlkqY5gN1SxVhjO/M0aCuNnqVyE2oaEWvxGBtNQlB3jiIWG9kRPTuJBVFAa/MHKCX2XZXvAFYuWQ8/Ef/owATYuD4Lr6jgx6TbI/wDqCvoT6VmYQFYgiYlwMWwDnNQVdLDpqZVRQ8XklvSFVHCis3cu9uAKlG1eK7iZgiKkwGSGgA9HNt/7iX9YyraMvP48yzwKFCrVJbD6e8rn4QrC6MP5hwa3WpDq7lttEFZj/XBgKsLZC5KteV8ZSERHBDN83iNIWBkKwbXKSLiLVrNVjc4QFSt1U1xKKmoCmPDMkNrAgIF4bnQ2TaBprytXbqYvrQdr4erlazSCJ85lwLOEb9DLKyYFGYU2g1Iuwq/zFe2FTtd1BPqILnt+ZZVbIvVX+IoJsT6Fd+sFSQQgWYDTnuLz7WwLwXWa9Yhwy10X5qIwpdMbBK+8RpeiCEPv6y05RAFqiZyraGcONQpqPDkj/wDPzh+2lArlhrGvboiN4OUlHtCk0y3BV0ZrLEadJW5wyAjklIBLBtT8f+0FRhygdGUN78s0xYIxK3KnIC7uZwJikyMFeyXTSicw01r2YiR1reGJpy6ZuANGy7lKqH5zJrupdwaYrozn7sJ1wDONMc8paDacZjUF9Zpx/cVqBTxu/wCsCUORszqMUre6yXjuBitgNcWfwmdJ9jREDeYBWHNMaa1i2Rx5l0QDJC4z51GSYne77xG0jAhL+IqsuVV9n+IGOFKr2iakbWoOypZu26kPtKnM5o/UG+XBrWZbRBLIOFWXwcS7O2jiNdLFNPvGDltVgCnXEb0gUXgPZmMBQU7psgXiwvC6faW2ruXkv7XBUUl2pxo68TSQVOXFF/ePQvgKD/MR6NF2X0hOyxRvj/uWZLw59/8Az7L9ecVAegMYGUB2svEj05kqawrGCBpHlPCBlX2ZgpDVM7mYtPhEYzX2h1zTJuuz2iCshcLtb+IojUsOFxIBQYCOf/rDDC7SmYAc9xK7xK3XUzDmFZVe5cdkuLW5piuRRTWoIUV6EGzE8zJLeOCUD08T2IOeFXByxLKrYMQZlzhw0jd97+0SaUFvDvNyxQLdlgaQlFBtQln0Om6ixq0oPKJ3pvnxJ3woy+iFp7DbxCylOt8QVgySY0+ZiXNUnTzFJ5FKJXvCsA+at5VhqMnym/CR6fKzRS8H4mTlC453UqAROJf+yFoHe6rqLA2ZwwmO+ZQVYg0Fuq255lN0wJaZwFqkzD0RSeSvBM8AxkVrOHgxLhb9Jo3x7QmAzaSAatwZ5i9m4IhkaLSWS4KoVhve/SUDlZ8bUBuvPiVBqNld/BnmPgcwLYeA+mKhgK6QZ1xeOZRDMCbuFzTNChpbr4gdrvhwx+gVPDiA5uq+JyRAtbnN8/HpL0qHDoW68RMqS8V1w/7Moli1ZzzrxBaaBMSmnqLoMyXAZWPp9iNWsBUMgMD5+7KriKUVRbG0Lv1hbg6+Y9joEztshFGKMFHeJaLC+kQQTXWWYDQ7GKgG4mROf/EWOpUqw8UhWpUJApyE0OTjxn7ykW0aT9y0lLfSUVMG2DURrg4zDVqY5C475PI+UO9HJHOugNblMsENncCp2RonMEVH0lsSU5lZRGZbiOiZh1GXQdwNNdPJKXZ33MxFsq8Zr/esACC1+EOyQoFzm/4jbrFU5IQm1rvTGAJoq28+kI7eFr3itXqgWwTyVgqXYS2RhhblLCtygxwaBrHEU90G1bxCApSTTlpj2Zda9ijTB5TqXMCzVGMxFRbEzFYe10hgY/PzKuY4qqcR/wAhnKb9IzCThWy+j6xR1B5EysPNQtChArQGCqqXL9tIBx4CKt5i4F+0KslnA5H0/Uy8ORmLfgIZQhZcal0MAbmulYehbr3Jfs1aXRfaXqb0NevP3mGsxa8XBw7sN98RhmrwdD4l/Edhx8fqYFhTS+kpBTjCTQbKIV7CuXAzHc6VY5edeftL1ACDdcj6y1zxzFhxpjVUE6vX3hQHqGfuKLkM8wi6EcUWzOVt3bAa3soNTLMlDDxiULYU06fmX8DTiBWCx45hMUDBd1UI4kcAp+24y9V7jTAlgpd0pe8ZG9nAfxGqLxLmohUvJqq5gHGrZLsp43FgJex51GT0NG4Yqy4JSptUSGhvw+YuxNLp5x6wCw7mmog7aOWLI0jcLn11MioCw+8L1zkO3dcdy+RGoJVzmLaeKNGYQMjDnGLhnhLg3Mq4cWxtJDZScL++SYEDcyXQDmVzAF3A5hYmqdt7faoM6gDyDP6iG2cPIRVGwBuAzeEpm1mzCnVqi/UtR0uAO5YBqFB2jGXWtWQu8kGwMUKXXHe4ACmDuHq8RbYWluDNx+cS7puibY8W+01/Ew6AG6NJUgKgwfF+8TONVFF/dMj2ZI4VddZhOry6ZD/mZghYOi3jHEIkhU5EMfMUF5SxkLP5lvTY1Zo3/UZ4LkaQEEsrgIsFzLLZX6jSyF6erx6yv4Yen+qBmrWLhLxAGm0DVCH7mxiFzdFM8EGgQlWazVZ9yeRRr8IHV82a5vWGq1uEIsGFBf2RotkCoJMq7KzHkrhhwB8XbiE0CLd9Zr5iU0GkDxdV+52FNR/lQBqEKCO27hlt9uPE2F7xTKHrjSWKyoNA97l7a5xhMttfRzLJo4QkKtvgloonN4vxDBnB6/xKYvDr+KFesv8AWoYANLxfiBd5d/xxYXKsWPiUBLr2NcRaloQC8PjuZxwGsV55PUlagKagXhcL7xsoDQplBGoV2RbK3KOZdWrTqAAhc6iFhLjqkqvCL8QR0qqQQvmGWy1oKouUmVT6mupexbZXaW2CJdu4PlRsk5nHiYLmqZf9hlWXJe9x1Be1WpYaFbDYB+pXSLJzTaPnmPGtudt7qAGPIA8tQKyiBQtggIZewtj7ytGgL6CP5iXKJwpjd7P5lBSWvOQf6mM+bLbCUguwqY1+oHVjwiniELYqDke6l2GvSx87hLKVk5JRR/tRJ0uFcoMfJB0ZGml2h/tQcGYrAV36FrOL0VzsL1Z5gEw22gfmFbDapyUcPUJMjQnMPOO/MGwUVt4qX/G+VVoD7ykVNPK47hWeRtwNyuZlmsPdQBqosQwpFFqwdw4FgEqzdQ6tdvdF+50lj1AGs9v4l3KYKXxN04BZ055x/wAl9FqA98nLFRMr1Mk+SZZyAvh1ePSYcBYVqHSS0ECBsjsHwQ/X1loNx36rTyN5alymqNRwjKCnAtIzWfmK1WW7G3TEIrdo/UfiguNtLS+7XHklK59A7tFtWHuyiCUS1cJTxBjdmUeziVXUz394B3HEF6H9Q9hWKlHSYUyexFxoMZvOZZXMKBt+IeCjAzUOXci3uFDQsCvD6+aibU84+3j7yv0ChS+W61KVazYNL/MaNRwDZnmlFTMA0Uk8b/mb3NaapWvapdGtrVc6gTDcyXhqCPasxVwq+5ZpqRWtNlfEPeWE3EaXcAXGBv7/AGg2oAssGpYdu4Ea9e5XgDVNi+bECJTvVKsJ7CD7spWArj+iFFjGa/hipoJiz/UsUsv8amqKWUoB+oA+GRLs9NbXUyVK5zjy5/KZJ7sImtrUlwFvLoioENKiAODUoRharsO2IhWqNlFcZlG0snr7xEVLoaG8S5ktJG8WXAPSQUfdKdqrXQHD81mFgSgWOct8TPVahroFkK54Vf1HnmFYDrHj3jtgbPl6xJXFoCjN4HWYkpXaL+Ma8ExzA3SP4iBR76Fk5dUq5nwymI1uHfuKGh6/umFcB2X+Y8Orrm4go+fMH60JoigGWhdGahxWoCn4h22aAS9vtFKCx6RcXo90VqHwbP5Uv2gV4d3LeiDybbDeZthXUSpathfoS3wOd7mM9an+JcSia0XMQCpVB+8TbG6S/DG8VcWD/VwKYFN574hBWcU/oiBlF5oKrHn1hbjwrr9wYBW9tL+zKakcGAfaax1vJdvPxOE5ythoPEWELOC+y9aJw5LUMz3iBJUsUyH4izlScvfLYHRTnlamKWmAZ3UsGzDEMBqLYG5gaCoRWDcbZQHOCY8viChevEvt9biJfLzBiwYsbJXs13KIwZvG0UOQ6Fky4ojJt7bhhINoUXWv5mlt7xE23V+IDYX1uIogrFeZjxdU0HpBRVWWvEx3XHiFLgKlLnEbWFrG2r8yrahcpPNym0RtajV1cezboTWc+D3lyXANuHCFF47ZfhKrDsGqPzFZ3D6uiky4zCYowU3hgxRYzC/5Xc16rwKBb6IDWmlaznd5ju1yyAnZX2YrbhsLGpeRht4jCMBYec/0x1qiVDKIFMuSY1jN3BbDAFMuAKKivKF0JK3gIhQQVofCs13ELYB4Rxq7wLcWSV4viULoAbXohGFAOwD2jvwThVoUqLq24sxoldrxmtwUogJKDmxdRHWt0sHgsiOAnGP4leRjaNmlVuNOzjiCXrNXua8BvllRH4WBdFEQ1UJFlqzBTNpLLF1kLzKoBgdVLgjWmqsgL6ppcvWONbgxt0bSF2WvaNt5SYtiEJn2mZWMQB2qIBhE9IDma+1XqUJTBOPzmPI1q0u17toiCkDShLY+uQz7wE1vvX75isg3LD6u5qYocCv0JcIWG026Eh2hKov+c/4hYLqYFNFfLDfABb0d+J1GBZdtZ4IqANSpK3VUsJzGYjrR/sQ7bTBdOTmo93QoHb7Z9YBOcmEA3lxKBaLotUZqaq5bLt5lsUKWZaKUtuPxEtKgBYFl35srxNMWeZaorKXGI8wIVe8IwTQXifSpewC+Q5uhrWIKDY3Tre8DRmIVcx2wM2OvHmC42CWgOjAmx5CUcFGeE5hRLqQGMaw2QSA8Uj0jEtfl/VIg1sFsPmSbUPBcOsLSQgDAoDVHUzyLhVtZpEmksgBYgowH55iowFHAnxiNwVyV3NWhcLrhiBSKHHn0JieIGbjl2Nr5h4s4LbgOEgOVgO0R59RlpdvmU6mBTGbviD8y2C3LEvBRuWzLE89TM+MQGB4lqAVl5rFZi2sAc1APr1E9k9GGNksvI9eoWs45gLznqEFctSo0qsVBYjkqZkp2LyHDv8D4lP2RaLX4q+HTDAo4WIzZ1WswkXsqixKtWFsNoVbRr+oMK00hKd+TEyyFzFB0QBCDhS1L5g94RgBDvzmVn25XrTP+7lkM3sK1l1BVMsYC/vAeMDpa31qUKLgKNFa54fET5gFWvWWqMwpF4UDgrI3cZiTyRza0Gl/EvZHAo67dwQtQLyDO9/7EWSRnsMoGDBpisHFpJeYHJt4LF4qW9ZKZ0+ncuFWIrHK1CMUFSLUDiUtgs3lucYEIDF335ZXlh6X+ILN0TZ8Edtw7lSG8qIRbn71Hjponl4A4plfMqZribclyx0jywDwDTh4jCOwputwz+uKg/RlU7f8AqW73IzxiY5ds9bULaPhPRGzxDe4tmI5LdQKw6iMG5YRN1UBcoSrMQ1CEKUnEOCBC1R/Qir5+jMU80nbv0hoy66jbPwmHoHBHLVhzA2boe5ljB7wWNlllREFc4itJe0OYxwMyzTCTXzHiktliu8wHbAG151v7QOMcWquXN1+Ib0YBOAm2SOO4fiJm2JgxMdWci11Kormkv7/3GUM5KAo4494+aLSiBL447lIXulQ50GX3halIVb1gNf3AwLK4Arl+OWZWAgmsrRrOWIk5xvHoXb71CAm6CB7B+ZU9k53bMXxiCPl6hQp5DMvTCx1ODVYmXIF2t9v4mJNm4IFuriVQMirLKaqYtnIzfhMdzNLniFByk+GYV/yvVjwBpVZiav8AMOEAavzMLoatMGfWboEUlQLCOc/KUjB8Sg3RqGMa95eugUqY9Uyhznp8y2fhVfMBdCtxk/NkpRyPyQlFgo3OOI7FrwEoYFOy2AD8agFYV01PTMrDrhVJ6jkg6st8zqIKQtr11OdEAK4XDy+IsUSnUpHFt9yjRYLwtRIMs+I1ARXjkjKOXREjOK4P9mINqzQLCA3VLxUqKBtkFf1G6r46jiu7gvDb4gKozxCJRQn3hw1GQzRgYEk1zUAbpdA7ej1i1Q5crXtj7wmgPKPx/MdFzlQXlOdeYAxwYpKdZ+YEiLS3OCPwx0GZlVBa+Iie+W9DrcTOLdCrP4jBXRwKNb++IPYeMEU57aeZruZQSrm6trWpYVwpZVBy4lkUil5aug918Qq1HyPKjBrFRqq2woD2YPzFV1zk49KsIqizV0FiJEAxATwVnPKwPx25O8fyGBLrhsyv0IzYmgSy1MHRU9WLHzVx7XFVwLnyjHYUxTlmRio9hZgvfEuhOZWO5bpoLwRT6oGzdkxOKo2eEbr8QcwaOPMCLS7cEDLH/UFJz+0yLTUQsFq/vEYJAz7xy12hWryg1S7PSEr2GO4oXzGT0IntLvzGtJyytgxdLay+8FBipWK0RLia3+YKuuOJdcJlrbARxKNnxNDdH2gaEqaVumrJtPfOEQItxVUpt+BAhd5mhDd5O5VjQY0faAQOVPxGixE8Q2cHcrLkr9JirWkrMuAu37RcpBsA6oLU8hA24AASZ2SNaQfTcRrZDYtWEh+cDnUpDgGwoavJha0ekXN4bf0QCACUWrPo5PlgqXTrlKEtJHTRDqgNlTRAtj6Y/thRp0opCuNwpYtbtvdw+ZwK/IAzT06IZJFNlnpxsyytGl8KmXDW/vKGrOzoccPBBwNly/W6joYg5PACZbRRYP37Muhm6rMGoTgV/jcGhTBQPi5f/XURpCrrFxoAG42lZxxjuNhkkUNDxjyMyCzrcu/Ri6x3ar8yzZtTRf3HtF7CVXnzBy0oYmPOpeBCuIQPafmX0WgmJdEz9gJZQaE+yA3bT4PoaqjcAlWM494QrViZkYV+YWFCweiw06D0mmnshChGLhQmkppQ0N3CpCKNcEAvQuW+tMsXJh3gQzAcIi7c3xLHH2R6Nyqbmw3UEm7XFYxKiy1fiORCm11HN+OJTlp64ZQAyb9YJGcg4zChKPMblTomjR2X8ygkGqZMYJmnPerXviERimEZYE02lWP8RjrNkV0JVeZoqEtNLzYVg8eJkQhkXsajLQNnl6VMtpLlV68+8qBSpuwHr8QNePN47f3LKDUnjO68+JvcNBfHL/2XgSsAUOWXLbdq47Yw50eX/vMalzzh+py+0oUmteldJfEu+PxtGjSv5m4BpAou+fvXUsYhLLkX7I0W4qzHrneZOsWx+5ESnIN+Ru37EBgzzfEBUHDtYuMjOnyuUN/MDFl8vhKlZFt6OP3FIVEgvHNa1zK0KjAWyXz3KNgJwUFMVY0Y8S1tlug2tb9JQrzbJDCldGGN4zcHNaQfDuXi5St5PtH4BZkz5ZixNFK3OiWo+MQK0uQPufmGpleq4aKjDdKpdYNhvnueAM+kWYD0ijBAW4qM2KZrqAZm3DoMCIlWNuEWNK3viA0JKWT4TkO8TioKcknoqZEMonVTBIHxyQzQRgmKSNG7Ay+qbgzl0BG5QBS2wHadQgrK03wtaeRdc4zBihBarngQ8pcGJJlUHjdv0YKrRwC82ravrEEWEJNP+MYiNGveDWBZpUPWOOsMgafO+I4VLK3m++cVKmTOHdlbfSGxgjWjm6P03FJSwKUHQXjf3J3CxGgcGPnMpQWM2j21+4L3qp0D5zLZcqVCnQZqFoK6BYPNGXxL/qLSsXjW3+IhpCNaTDnISiScoN5cWfiOMCClV4wJ8zKYhTT82U+SElnAJ+1/qBhSsLvf7PiBUuIUqIQqrVRKAWwDAdEH9WIY2cFS6OJH4S7tAVX2/UabAKhVWVKxl9osAgGru7MQ6FEZC6zWbfSUCsojYJX8wFPS5KV4V7jVGYCLVqoKGzuo6hhx75mbqwFFiusR7ABnaWZTnFwHcVhayBnPUF5o89WCX+UVnVn0kkuycbmH0xXNNSpruU8UQiQNPMzPhGPekRX1GKx6IkS5zusLtnim/mIawNELlFwNXiyWPLxCl6dwFYSB4z6QFaC4ZKqCcQS+JvR1XzHrQ7v3JcfeYrDFg9hi+4WyxVqqXrODeeoYOFNS8kZrZu5bxam9lvjzf3ldiTGl6BipaprVHh/9rcbM4zgF7Wx/3qFslXTxoFu7lLrKPNr1mvmGDADVbq6f8xcXTkBu6qqCejLlscHl4yv7DzHgQS0p4AQ4WmGBer2/eWnwYALX8vwQPnUJgx2Ur7vpMN0Ah649pSWDSmt8HmCOGbTbHNZoW0OajO1LleE9uoZkBqZW8qnLzKHJRYYvWo8ELVQGaa+OMsLK3rCY7MQBR7+kR+C1ABe3xiiiAsV9kYoLqcH8lfiJLBXSR9hPbW+zNwe+M4F+zBzEpAF+5GkxkMcuXDW3iJLGcL0Ax83GCw2VT3BUNp1Kc+RjgW5TXgLa4fSoaW/RBePiy/emZXo5pPDiDC6eDL8QMXW1z0/xH4VIoufECfZEed+JMjo3leyWyukmqyYZifhmTPpzLuoXciolMyb3BdncXsCJuXylZjpMw9ImJvHRmgRCAp5Iy2CVTs8kLKKLtIU6QyuNii71EUoB5uZoouoDA8mg+WDAdyofA19yV9B40Z2pf5gprazyWAg20d8wfQJNPhlleOyCXvZIlCDbQeTTFJIKNuLLD/kau8t9OXfpxDeXJFL29+swQa3UDOItViheUHvKLjG3bvj/AJ7CYIgazafcIo4xCjYZ5GkqYKBcaQsV73FaMVqEL/O8Esi+5LPF0fePcvI20wvDW9QsN0tJuTWUK9IiizmTF7r7lPQppKo43VTJmLMmqrMsS9wr18ShQbtg7pzrLiUVJocG6cZfzMwtxsViuPPcwJstVHOnS+2ajOzOAVbX84hdEqlR7Hedysqf67hCYQqQQO3q4QC0bVcSjDcASfNwNj7gHtp/24bcrSYvthhRUuBfiuMbvARB7q+aj1WPeEazgp/uBeheiYrs+1fmLX7qw81+4AoYiGmUyGrsHcZUDzZ/MtAhqoVhQOfvKZxIOx8Xj4gmCviUy2mvHvFLrOSABeQw1EENoDT6wXgp6JhqFemw5IMTawo24ihLLL6WO9v0g3vZAFbis+YLDzDdfBF7BiVFwsRY5cygrdIpoT0gtmbv1hxEWwdxRXcBIFVDKxMvrwg805qGVKyuBjtKrDm4JIDFp9lr4iFun8iv8QlqAcvlx9oVEzhQ9jEf6slN5Bf8QmBRIojoVT6X6wU6KncUHCwvNGj3yccTK10vxPEWvAa/z3zHAqlAAdm/bUOrLCxVUFOtdxkXrvSscNwZbvgfYIKGEQ9UZoMfLA4kWoVVp/d+8IFSSaLe3+zLyOiwU4rHxG808OpZaoKOkumO3YeyYBJeElr4WUKm0+Iu/wBff094G6M3fDXP9Q3BM8taNxukoj3D5lmYIwg3SMDZdXlE8f4lI3QMvUYx3CvX1FnHhuABQzn/ALCWKlZLufxEWB+40Rk3dYmEsGxSnB687hgLzb/ZT7EEeBqt7ND5htlVIPyMaRrEc7D5DLMrtVXmmC3IcsNoPzdK1dCsNTES4NWPepfFdKrd/MLiVJVh6uy4TKHA/HiUADvAOch55+0DAq83K1RgvbzK9wthDJnVQNacCInCPGpUrSlw97M+sJ3LVli5wXHOo20B2j9S0FikDZhL4l3SFg7Isk35m8vZxOiKR277mfqStJQIQReI6jN0hRLohyq2kpdzJyyRqh0tX7XEUDOntylVY21LQjBFo6sY978xqMI7Y3bkHWOl6opJblst2beeYRFXow3zvnuUChoWkO4gBKMWr7bmGRNKlFfuW1cyEBnpxlmal028w5YkoDAtelmYEoFprF5a9cweaA5xx9o5Aw7BLVM+8UYQctsWnpCHkle3MYse2ZixhvSMX5b5masu3eF1WIoxquadalist1L+7+YMA2rQemtQoxA04SnsxqKEW6EJoQFcV/niLrzy4+0f52pwSmIeL9HNeZfmTJrl8XFpELAwcYqOXAWWu10+Jc1AEVoIahMty5K0f73jUFcwm2qb32f5ijEUHg7yy4Uq5m+5j5PeXyojoBO371B1FlCrCz7kMwNoNwl64lFwBZ+ZcLT0ZfQT0QMscjVqTO8wVA1BCq5VW7uoOYVu0f5XLZReZ6y51HY4bJdFwz5Uv9EIurgLq3aNPpUR0V6QKzHAQhsXvdJuHkBxDZigHbAypYq74ojjW3PSUTn5rdF8Sgdn/eZUxhhfqhJEFAbMVyQBZlVVFkAdrEqM9xhwiFVNV9ylCBCJt9FiwbggngjHQVMR76FmfFR1GdKxtUC+NmTxmKO4DAuzqua8sKVZu1fyafEq0dLcjn/ZmQXCxFj6nHHzLiOQKgY4rmGHCFNW/lLkEZ9IRZDViPOJVOYICayUdaeogaZiCsOLnKlCofsWxkj0aB9/+wlJ2vC63ET5YuxivQMOIA9siq90zKpRJVKVc868RiHTp1HwPpeGU8s60fEryDMl0j1ly1eFupezK1+6IeoSjbfP5jAVSg8QVXOFz7/7XMtLq5Cy/wDDKGaILKv4xAEKhj7+9sAFDmqT7WRIZYNwe1N+voxdcVVWlZ86l8XhTIhES2aw3BMKITVkWMLKJd02V3OCCB3VD9QOnF0w2N1GCClfACMQ27cyrOJU1ZUE2xCguZlcAB4gjAksXb1bDz1LfstmFsgj2ZJRsCjSENFM4DMBbSItK6lAlhsU92fEC6HtsdSyrEgTb6bgSmXpKhlo21xgTJAtYRWvPczSpyr+VMAuqLyGrk0iwKiK8saWBHkPdjwABkVTznMGWYw8KjEczMLMuLL+gEqh6E25XyO5VczgYw/bJxAFiqoyo9+8R+0JVdnB2/HMYuvGt72Vn+IbYWFcIQwkwAyobPbebjmV13CN5w8/xGKI1II68L6xBAhwB3VKvg5qVeh7qDThV9l3fbBeuzNJbKm6PXvuXvTtqXzyZYPvR4XBXiLqRLHZWP1HPo24Vo9kmS3LUC4RzFNkUzGumZqUlJi2hU4gVtDGopXAgeXqN2DKfOg/D7wp2RBqiUK2vQ0c/wCInRRNFKp/X9RlUVA3R+PWDWgoJcuF/DEC1w/GHHz8R2jPBhzw3UW0oYBLRpCtY2QdfLyIeN07gmfMES84S74gNs14fwCfeLeECvxGcZGzCZsSs6pmYdoBR7eHxDcHXmIi3CFbPUrpE1acQ/oFFSsS8wpEyFX8x094bNhvxiGyFAouM3eM55mVGW+xdaDOc1MfVA3cvTPGoO0EMBfm9SgOCvMTfe/MHSjRVm9UrYcrXAzU6Gn03CpeI1B27o9WGZyyHJ6w1IAnRt1nU597WzYJxzz8QwIsjyFXPTiodIgQG60XRncMRSqWixsx7RspcC+TwUdQ3NpvGGW1FmZ+otwBhZamgs+R69/qYdlFU+A9GR9Y+egEbGa8YcV/akOETYwaHmvMRgOp6l0jbrOmWgBugvSF2/nGYIC+SHS5ErLTx6w4mCohd6R4CUyJ5uVbshFvVb8TZqEtVw0pr0PiL7JGHR3aVf2jNgF6TO1s5ZesCmxW3l+/rB1spbWqtXxLcK6xyTcCERQTpfuZS+vNzrvePUfeKHb5i7IzRliAi4e4NmTOKagQ37S3rNS7LckDV7c+cHtDdtgnHJb4PxKbdNlzDoFUp6Sqp+Qv8RBwVDLXk8wLirpAYT9IlKfAAqcvl8wGW9bR8lRW8jKlpCnOXxE1Zi/7i8dQ8UNfZ8tPe4M9Fy/FMdh9RB7ER1gua7JVhgw+ZWTkvf2RA3xIl+7lgeBNrfhPvGs0n+rhZyLAr/DUrKTszA0GTEvMoKluCH4GdJoUC1iKKOb6Pb7sFYMOJJwvm7wmJHH7sI5PBaMOLc71WpWy1YwA0OfXcoDgBan1OfeARjQYfvKLbbogsoC7QljwMbiqBYKocUev3lXYQEY1Sq3YRqEgXHLO4qfSRY8zJLtIqol/QsuKGsMoRa0CAOBMJz/rp6sAa7sXg1zGoQrJ3d466lfTqD8zYtnHTVYmpNGR42QuaON9ZhDBSAAoQvT938Jnkwam8qwbMVy65vqhwNdHHKvz5j6Cu7wSbo5/mFMNRKMs3ekek+8uiHFqRDmr2/DwQHDDEKcFV7kCoJ6Lb8y/Srumni43gAtaLyDn5lIAcTwqeErHiAL08ke8t3MvcLrWomDGTuCYOXlxATax2NPpFUtUchUXEzuaydlQZxeOGLZKrm+I+YMA2WD6VXzKJAU3A8tZl4oXtBEC/a6giRpKWqPWZlAofx6uZk6lZngDePR+ZgJqdJivb0VAebUboMtOtGThi+2UkbVtvLehfiXogNaxQciYvMQgEvIK+fR/vFrlYyxulEtpI1j1p6Z2e4p4Y2ioD7Ipuhw9X4luA5BibM3B5t60PhGEsTiv2B+0qe7DvhlJS7wI+A1EqZF3n+QH7wdC1ag5qsvXqNtYlp9+QYKGQT5A+8eFgCyrLau/tBWLrZXylfeMLvomIBb0O/8AVDQVxKhHSJkTgPuj2QuxS57mlnuQhSrsCMcFQ/Be6fiAvvJGFmq/hnUX5M/uVPoPoVzaXiMLmXLlyhgK3Km7FWxzrXzL/iuHQVwTwPJLHqEdmkWNg87jzcyUqPlv7QyhYAJpwuRLXXEKuLG81rKs3RRfniC6VsU1aXVmNfiEvtocHS7rr11DIMDfaw+jzjDuJTVgcLv2Ajb5iAUpVs2VHPvbf8msWUXLDVI8cX+Zt7xqFeACoI2G6Nyji88owzALCLqjFO7xMBYTzL9BPRTBF+yoJJcOolDYPA/xAUQ7/i4IHC9nSOLaD1rH3ib5QCrr0PrCytRMU38S4vKVpsoxEBqyN1r4b7zK5cOKs51+D1ijVhmkr14qILvKWlXympaIlK8PnOt37ysWCgHg794VQV2AmGfglB5NJ8Oi659O5pjeCDfn/dxZVtaqOhXlTg6a3v6AS9qE9A+/vM5vOKPuLNZh4vzUdsobaHySgDOLRlFYeiflLbrpvfe4wcyD+k3rcK206y5gwWQAcj0nE8wBWZ9kGHoiPsZkU7AWh4jT0wDdCNFbxbGHq8r2ar7w6eUyxA1fkTmEQqszbWn7RiZxGqpjD4yhOE0wTUPKmV+NlBlETHz9oAECkwPF9MPagDR0YzuXFhLix9ZcuXPeDCandVAxeKvA1XL4gyl3xEFBW3ODxNG6gCTDRV2Lg3mYeQHqA7Bdt/mXAVSCtGD/AI+YxVRqK1x7jG84ineMrNiIY9/aHYxqDRh5xf576bC2iaQUZC81A1glgz0Lt79Ygo+RaUGBxWpQC0C3bSdVKCCUY3dTM5yrZAJ49dQL5uUxsdLEiFUkcW8zYKZyBwFJcGsW+0QRLd5zPT7waFSlyYR9pkpTQPWXb7edQbjJOZnp8xgWHDiwK/mDUUQEA4AL9W4gAgVds+/tDzXGIr0dILAYVcYfPxd594VQPRk63VH8e009rwoAvD55OoZUAW3SPHnD5zuAmuATSAyYqs6gAtzpguWjGP8AkfCxBW6wZ3CrPIo1WMXDusWP4EYiNN8VOLAN5PeC8AsKKYbN8QDbUBMn5ipU+mmbYLyK+SZl+knw/wAxaENCUvt/cCukeivsLGYSKC3PEq0whYD2LAq3ukX2t+yVmWozoopAxV58RYqriKMm+QmBNFE9i9uT5iJpByjmzkT1f5m+SkSmy7Yts1tY/ueKxNH3jxpRLfDAkPFKj5Ypiuxp9+5ZuJpZksr81GSjPCvbTMXIL56L1G1sJcv6Fiy5cuDLglC5kSMtU2BphevMCJVnH8I0S7FKkoc16wRwIXTo1/m2MLeALopt3u+o0Wsw0aKnDInPEDbSqp1wUt9c0TLwmyHpXo3L+tIjWL2y5UW1ECmSUMiaKKYoT3hWOw3KYD31MjDE6ANiEgb5rMKFXExKJgVfLLGxdJWfWKIiPppgQEjWGqPaAGvXlh6S8XVSyLq+ZQabfxufhDtk6KHZPOYpboVahdYwx3ZKrNc6f6h4tedOzIV3x6+sGAauGi7734lIJsbDN204twSguHSsoXevJjO5gVqAqW1WRf0wzChpm/tE4kpQYvFM/wDZbbbZwmTsppqDWouxZdbU/KTz0zWw6G3VY/qVdwgMLQrPSqzBBypbm/QV478TGH1k/iWkhkDWZrqzPszMeePzZ+GBYXyr7EDG184+bErTnRV+IyAnQv7k2nXbcwpL07lQ9M+Ef4gYZbsQwTh8xKRGqEpjjDedy/kAAQKzv58anWzA3G/VGURkdOAxMGLWDG3mXTkRKN7HwyjAQpG47/aEahOa/QeZmEHbxeftAeqoIDHoRro2ni3eYdzHLxBnB27lycDr6BzLiy5cv/xVw99bDm0xi44OCzVVMA6V1NgVUbGktPUfMVgWC0mgq1z18TMG6UFZUu/fMWWoANL1P4lYsZxUYXPNo6cHUB2ylYLdlCxvlBxV0WfKUqiuu8+ZdBG8Fnn8+8dyE2Qab2eZSMwFC6KxxuBAVQpNZeeoDEYDd8x7sS/MVArC0zYW8JMIFBgCJkuZ7l8wJUXeio8BHoD1DBPsZGXl0ohTnFZbauoMoTjBWvH/AGG0D1BkDv0iAXdgFpWbM81qAmOTa3P9xbEBK1rzs/iWUlGqkpujGr0/uYh2JjTvPK3piIBIgGhwDyKnxLraC1Q993rjUw6A3Iq03h0V5itYW0kSvB/zzLFhtdBrbk6/3a5iUBYbvBRuuYZqK3mlncyYMdzQ0cPTwwH7dJFwx6YiRj5Eo6B6QfzBlqd1P1PGeofhnId9/wB0p2r6RTzAApvmV9QAERGxOIFDZKy75qOzKljTPKUS1zvGkiEqRCYzw444qKoOLuWi9N2GftuU08IGlFXdmm/Goeee1W5w5q/EfrsytcJbTZ8w9gEArxxhdQkg68ntfiUN0F0K0o4Tedy5cuLLl/8AmwOVGYAMK+cGxCgVVbdwexHdq9P5rmLvt6qt86O6zqoBYIFWGOP9zF24c1V8URAwGMoMU+LWuVjcccyHLjp370dsYKbS3olVhbFOL3LlqqhX0wkrGlyGLUc/65QGgaEBK2W5g8mAgeeorJsBHJGnZpgc0ZEfKQKgdFGn0azBbURwFqfSUErgOJpsPeVhpesLd3NPiEWoVogTHRke9V7xvUL1cFl9crGALG3NZzMxlls8P8/ESgt1hLbMpGiolWQA4Hkw9YgUOIj9M6xvcQHAC8UeXn0hoOyrWHHhruNwchRZ+q579ZaGgQDxy/utfET0BTGVvzZgw/b4cHNWHYmEoj83CK1Yul3YdkfLYWdDWTQmsa4OLhWMa1Qu2qODXXpFMmiiyqb9HcKwdQXVs1LbAMQ/0kvPqBDqr0xBa+WY0xbU46l7owoZK/Ev0izQj04phHzFCYebg0DjdPoYgKhb1e3hgUEJk7gUjcDFObt1CiR/5mvtKcBWV8949AglLESoq4AR235iBAOVIDh5yrfMWXLl/wDsywZ0PEXB7ZGg8zYjWmf4jXkLYCH8wOwbFBxEQBrJka3BySsgWWEz3+0rVwMpVb/I95bdCWCYbBc754veZggjJbThNHHpmN3ccZOF7+8xWioBQZbtf1BpXaKI3s6fNblpRq14erk487ZeMAXX42juAeR5XgQMc2FesdB5seN7s541jEGUFhjwZsLeePeGi8uRz8OuJWVHF3wvFwy2enUYjisRyszjUQUEW0XkC/w+JeiAAHBzqGqjPt2Oq+OJeewUpw8xApkOxM5Kdar8xKAlkKno5y/b3joaAVrsSr+0rYLgmZpZfqf9jyjOtlDXk58RogF4BfUdYaWny4OfMyCtWq2ecW438SxJaBVHQot+KlLl+puhoHr7yxMGUccg+71RLSg0yL1x7OuCJ6UBvJRUDVndfaKxYjDquDxUdWl4I0vZ9IwrPgf6pgDARfkwnAZpki6hhxwKPmMXOcS5cBdQG8CHkzKaAUmotj9DqBOkWns7IwcM0/3zRy5rjSVLWU+pAaM7XEwgVLi+B/iIIIIE0wP19F/W/wDzcF30YGjy6++fmCXaloXi73qCKexWXkR9scy5IFhZnZtu/WUQFxhF55z3DghUrdZ9M4mIJtq/2GrlBQ65U+jXXEDMUBW9HTZkzEPNxsK7xABbI/WLOue4uQAJDRMnPvmDphstZk58O/3MQNxko42eyPbNS6Asze7LzTKiiaDVRiqAb/uW43vLnKa3r2lmMMFxWOMkyPcbz/fXiFLr53dZ8H7iZlbjOH5KjABrQaBO6gi2cTB+jwAXL6bbrNUDn1ionGqDFHQ40VOABVyte38Hs3qUU10S8K3n/frAgrVS68ddRpJQOCt+t/juWqxNKhTd2npAjFN09Tjh8SmSFq+nRUsGbFKiv3LBBRlXqrPpmAiwojK64CNEiilRW1yZrDvMrEQXhtxqM7YbS9DPiurndWFtU9a7aIZbTqVAQMs5F59wgyBusKHbIWudAY3ccQzUes6IUcn8EzlbQreu2HrdpWzyeYyhTwNoepLS1NG2bCsBK5ggW1DxlF4YRRSojVYvxAM5Mpzd7iymbJBlLDmPCaUJigowvyOpRyblplbtw8wj6Gg/3pN4tHY877T5hXYDljHHr9FJSUlJcH/xVuYrd2LML5rLhj8gXd0ws7op00OU5iZrsCIWi6QUMliDqrEaUGrBq2sL5qqi8LciiM8cJOHWqWju9MrbQc9TRV52sErgOHLUEXYs8A3bcQKNUDXVpWe7myyaWW7Qf648gYVeTFauoyCGQUErBlzf+zBY1vYfAByX+/NQADCM1bHiuPvCmdSikvnjF/z7VjNNHFXj+YMYeHV8npz3HedsZO+Lrcs5X1058nEFkX5N1HD7Tbtupk3/AEMYiBmZHLvz3EBLcgBM/b/Yl6UAKy4u0v8A32iuvYwLmqb9b9pRlHMUN3veKG4hkjgtEquXWPm4kWYArvn4/Uq6sUojBw8jfX4g1y2LhnN5f6mi5sq7nvJ4lbYmXEauG8Z/ctQngvAX0fDmcl9gHSlNWu7/ADF7FMO6A1uyXjYWq3VjHVbOYGVjLgDgzfLHPGXsL5AABicI1nW7rMYEERbttd0nj+YQBbCaAja8FcYncr+3/IaWNniG74NBnn/Y/uA4ghrMPWopogcSgBRUVVjbKRsWo2CuYdJoRVSWQ3SRorkTZkik6Q4lm8oZI1+pDcyuftFNM9HJEsWZxdkBAow1xHFr6loowvq3LyGUTnNu/GPaHCbAEXgDj321K81Q2C6rADyWZvbHglBObdm+7z2+kw73A2Cr1bgzB9sStI+ucfj1ipBa2qn4jOd+a4iEKAugf7hYk0uDgDb14mr6KFFC0J/qlAHBoWlma2L7RUCcNBWFrDkPeOkzIQvc1eHbEO2VCHdBZ1zMEM1UcYq1usRNAHhET0Uyythm1Nnq9ZW1cVmUdvJD02cUODjjL/MQlIOqYmMQlsdUQdLpphzK61N3p5yfMrYEDQCrWWn/AHMScopYG2M4veK5gQwsCEV1grmuYq2IfqcXkcrH3ifxMMW1WbF0ehGsSBWVzp+M7gPHXFGys4l5EBMLHCg062x2EJQKKynMOcgS1YZMbx3GF2g5p78ld9xZKhEDZSC3lpM9Swc5V2rm/wA/xiZDoG2XYg+P+w67q9K1mKpOGItTiDgHWRzi/XgmHm7AWzgeu9e82RpXUnpm678xVsRBQ0qgrLf+8hWkzdVrBn0gaH9K9FLjfiWGXfuUhDqAxzH7P6lnb6zhH5nMPlhki51JXFeIlfWVqdLl/emX9yoIU6m4YLYUxXUh5RNRSckoaJ5Iqo3KPMzHIJtMn/xhLzCn1KwQ0eAdhZ4qICM5J06QYPQ1KglDVNSyAIoKM4mEWqZq9fGojAw50v4lvIAdXT+YGgczwx8KjdtDy9fuABt3BFBXFGd+mPEsrK9wG796lyPAbhvCXksNxItYw2KagrinAKpp4/mc3MiUwDyBxHQKi2Iu8b1+ohWo4BXa0rcWDLYSrbqtSxoHAyl6P7guVDCy9SgRCjRjniainpEFbAVeo2WgUXZXq2CntLeRpjdNZ1icrDNjGb0GN95jsEzkc05/b7hBXYKp9zdPmsQSC/cNlw2fE2vQ0bDTisG+owINQgV8U79YpCm5z8K8ekENGDVyOMN/9ja4xWyXox66YOJgRMs75KxxzC7aRDbol3d4zsgpKLioBgvDRvP27iQ5LSK8NblzgoDgHg5ZSwlAyg1h4xrxLhDAhuj64ecnM+3zwp4hmpOAzXBxjNesX17BBwuQRPO4kcBYHLV1m7xeZVNo4TA7g3CDLtwy7Q6SDcvES6lEpIbxAqGcvW6CfCQS88ywqNje4aiNrgV9IogqocUOFqa4qhM4xly5cGX9FzPRXYma+/6ibnHK5RWNIWnFRQjW3AYuCFJpo5Pf+ZYURfEoUKmQSq+ZWiLNAV/hiVSsKar3i26hHoKySzgVi6dS/wBIIEtDT/v1UtCCwFcuWL8Evxy9rPK2V6xG+wG4OlHs6hTWdOc94uG+t090A3/UAVNbdPmsRQ9Rttr57iwdXmlFrx8yhdgNtVOncK5vZaf7URtVZLsD+HvLgAAStgP1AzeGlrqzDVm5bNzGw6654r3jRbxQyW331+Y9ebAQTICs2fd5qGWwOgULGyl5M74hhTRF1YdPIx7yxAsASzvWruOmNDh43CLu7Ma5loAIirbdd+k3DcdSZunJsxdc3uB+rClImMLduLMniDR0FVTSa/PEfa82BiuFUZNSksCAHNzimudTTk2gq1gcPPOfEeHsla392N/4tKLvKtXR6dQOUHRjN9X733GjFBcNt4duKOZe3Mtmg8xv+gFsq5KLG8bGNLtPVIuvwmJUMPauzrmDQreBdlY9bhiXGOfoY+lCkdVdRsPMAGss22TOPMFJUFNQBY2zIB1LJumVi4zxYiy5cuXLly5c/9k=', 'data:image/jpg;base64,/9j/4AAQSkZJRgABAQAAAQABAAD/2wCEAAkGBwgHBgkIBwgKCgkLDRYPDQwMDRsUFRAWIB0iIiAdHx8kKDQsJCYxJx8fLT0tMTU3Ojo6Iys/RD84QzQ5OjcBCgoKDQwNGg8PGjclHyU3Nzc3Nzc3Nzc3Nzc3Nzc3Nzc3Nzc3Nzc3Nzc3Nzc3Nzc3Nzc3Nzc3Nzc3Nzc3Nzc3N//AABEIAKYAsAMBIgACEQEDEQH/xAAbAAACAgMBAAAAAAAAAAAAAAAEBQMGAAECB//EAEEQAAIBAgQDBgMGBAUDBAMAAAECAwQRAAUSIRMxQQYiUWFxgRSRoRUjMkKxwVJigvAkctHh8YOTojNEU5IHFjT/xAAZAQADAQEBAAAAAAAAAAAAAAABAgMEAAX/xAAoEQACAgICAgEEAgMBAAAAAAAAAQIRAyESMRNBIgRRYXEykUKhsSP/2gAMAwEAAhEDEQA/APO85rMxjEaVAVTzBHM4CqcvrZESvnuC2w1/mwVnZjqKnTxDGB3QPzNjqukaCKnjBJ0WNjjzYNxjGkrZpbuWzmnyCurai/B0NpG45cueCaPL5YXSUgERva46740mbSCZYk0xliO/0xxT5jUxVk0bnX3ua8sJJ5ZJ30VvHFKiw1sRkpbhWQtvw7/iwcs0nwscPCaIkDFdrsyuaeOMycVTdj4YIp8/llrTG6HRGtiTjBLBkcVr8miGeKfY2r6WnYoFXTJbvN1xWa/gUjSKzFgw64bVub0s7CnhNtu8cVGvm4tYkOslS3Xli/0mKf8AkSzZL6DaCkCMsqsBffSMHIqTyBHs2trMp6DxGCKdIAhiQgWA3HU4Hg0PUsCwQpsL9Tijm5NsjFaE8tOKasmj0m2ru3xPPrMqiNtMgO2GZpo+MGlsunkR1GIa2AalliS6r1xVZk2heNMVPJIJiWBEwO5GJyLOjl3KvsQcdVoEkiyojAnY+uB5J1ZLWsw53xVbWgG6QMlROqOQRyGGlMkbqTq1MBvhK8p46OObLY47RjrDIbeOBOHIVoNmeCMFpAwI8MV95Qk5kjFwDybDetlVo9Nrt44Vwx62dMVwKlsmyw5BXAGxWNA3K3XDWskZYWQz8QnvIvhiirK8ThVbYG+HIleR4zq7ziw+WIZvp/nyHhLRDVySLE4du91wsid2cXOw5YazzJ8EVY3cNa2IaCGCaQlhbwxoi1GLtAkZFK82Y63Gu52GD6+UiUB4+HtsMAugTNCqkkhtiMT5ss3HjaVSNtmPXE2k5L9BvbIEbXVxXS3e3w4phAk8hNljP4iOYwojLGRCbLZunM4teXwDglpYjJGG3QjEvqJqKKY1YtakaS0kB13e4HW2GeUfB1TTQVsZRibAnxwzWGBAOGeGWN1XCwBZK55FjF0axA5nGLy+RNGiEIx72LKjJ0pKydpizrY6CuENEIpK/RUX0OdOvovnh3m2dTrNLSugCHYE88ayxBJk760iDXJVmG598bscpxx3P2RyKDlUQmPL5IatKWVgysNUbjqMAVE60ocArxFk2Y9MM0mevynXAlnhFtV7nbEM+XR1mU8dhw5WNj1388SjJJ/P9HOK7ibpZGrWCVFO8E+kOAUKl1PI2PMYZNPpXgmMgnqRYYUSrmk8sFTLGAkS6UMbNvfnzJ8By2w044+HXjAE259cT+ojHlraDB6F+YRXIZXAbVawwtfL5uKSyW63wxnEkpZqdW28cTwMWR2nfvadOnoMUjNwiK1fYijp++Ndratr42lJLJUERmwHh1wZwlXUrBX8PLBcFDKIjKtmAGwHTFHlr2ChPLDLGjBUtbcnAdGGtLJhjmPGjpkgkUhpZNmOAKiBqVZI0kVrGxxfG7j+yckQ0dHJVzG3K++GWZlgIYY/yCxwRk9OIqbiBhqY2IGDV+zNLGQtqvuLYnkzfP70NHHrsq8//wDOO7fv74Y0NMkgiaM2JFiMFV9HS1TxvTOQo5qcM4oGNMQIAthbUMdkzrjo5Y7E2d8MViVFOLgi98bqq+pqIFSSLa1744lhZdeoMFB2wynpkqcqUR/iUbbYDlGKSY3Btsr607iaN72BN8W2nmneshpoZRwyo14RrCxEYN9YYWthpG6xZiNP4tPX0wmdqY2OKS2Wetp/h6qPQwZUjDWHU4URyUclU1S4lgZXsxHInBtC0jNdkbcc+hwHOivBVawUQd6w8cedjW6ZWbSdoA7T0cbUxqIih6364sH/AONKPM5KU1mSyQQPBHaaoqV7ii4Om/MXt0+m2K9nUhlyyJE7vK5PTbDXs3E9dlNNBR5tT0sEUTLJFUThDqLd46SRcHncX2FueN+C/Er9MjpyOa2Woy/tFXQStC5qI0m1xrpSUlRdx6m/qb4VVDSJG6gMiS7g+eO8100/aGLRUcdYoggmYEcS3gD03sPIDGs/Z2y5WH4F3Pd/TCySc017GUnxYd2Mk49VPQL8LLLIAP8AFl7FdywUggKeW5+YtieSN6Hi004j40e+pXVg4PUFSQcD9mcvp1ogKrLx8a4LSNVSuh0E937rYlDa+pSTfyGkvaaRa52lyzIaOVli1SSklY1Fr8i1uo3N9hffnh82JNnQehEFrJlUUdLLIp2ukZa/0xM/ZbtHJYHKahfzDuhT8jvi5mmzKWjWKrzmrEoXaHLY0hVR7dPPHP2Rk6s/xTLI/wDFLmZ16vMRrt9cCGKvQX+ymS9ke0FO6H7PecSi+mDvFP5SLXuPIYikybN6PK5aueN6ZIpQpjnRkf1sRy59cXh6TKYqSCl+BrqgoXZf8VIFj1EX0kgc7eGJIKmihgnjWqzqnnZlfRFKzEaeXfMe3Pod+uL+JSYnR5VmB+KniXiKwvgDMI+KxdRYA8xj2jLxTPW/HPmFKksaELJV0cEU5PQa0u3jcW6nlhLXdj6TM1lK09QlVzlOXVSzC/8AE0bjWN+Yvh443GqFdMp2Q0a/DNodTboT+2Ba8rHI5YAOp2IFsXOp7PIJrdlylSFJR6aaoQT3XmdLBd+ZsC2KbndNUU9ZMlTE9PMp0vE62KE+PXGXhLytyGdVoYUXZ/Nq3LGzKnkowjKSKdp7TSDxC2622uRhLHmkiWIA0ruB0wemdQx0KxQ5XGtdwuEKk1LFV2tqWO34rciSR1tfksplijBDRg26n9sWlGNbQqv0TGZGZ2jQFL8g1xglZo5IGCa4/C3jid6fLxGF4aIq89Nxq9b4AkWASXjchR0LXHttiS4y6sttdk1N9m2Mb8aWQ/mBPPGR0rSya0kQBfPcY4WSCWUcMOgHMkAYnhlpUeS8hO3MEb+4x0lJLRyp9jSCkUJc1rsR+UJ+9xjT0S2b76QXHl/xjmiqVZD8PQmSw/EBuPlviSGardjelL/55gLe4xkalff/AApUPsC5nSJHQBC5Y22vf63tjeXUzU0CPSU3HZhu7sAF9MQ1ol4MpkeGHfcKScR5Vlk7jVJMVQ8mAO/vti6X/ntk3V6QbUqqSxS1xAk6DT3fmMbuoOqrkDrzWNdFvHAOZ0Xw8sTXlMQP4tYBbyxMaem0hpQoBGw4hLYCiqTsK2WmiqYM2mBWeSZAT9/mdTAZe7YsEDC4AUblW2G/S2HlRHHA6iJoXVmEctTHa2sqAL9ALEEW8sUTs18OMwMKy1KJJe6RzaBJYHuksdO+w3BHji4UmYZXSTNDQzvHIkRjSgFVG0btcnvHk7EkDbe4+WuFMm3TJUqEkSAFiIOGC8k5urG35ibg8+ViMc1spqCsWXVXG4A1DRSAgWBvpA/Ye1sSUs/xQVaGplkkRu/SFfvEbna1u8LeFiB08JEnln732e0dWrqpdEYKl9iGBZmtvz7vLD8dDcjr4FFmaoraqbjgHiMiqi28RZTt0/0wvq81iEytG2y8rybD1ty+eN5jJUUsMz8CYxKdOlpLIDfmb3JA2PI+nXDPslm7UlLVcah+PXUCzRd8I1iedvIclNvEYpxr8CuRXZxLWVi10rR1cES7Qsn3Xpdbki43Fj+uCMirsyqKmaaKlpo5YyHaITu7qT4dE+W3XfBObZo5zCtUUk0aCSwkdbLGQQD++5+fgHBLUTVizZQqBojZpOahbHY35rfa3r645SinSOcW9jOfM6Ktv9sQNoYWMdbEC1xbVokuGJ6/iPjbELZfTZsjxR1L5zSxKQkEsmmqiXneKS3et/CfDlvfA2c1p+NSnlkVItQZuAim7n8tze4+u3PA6zyNFHFTQArqDhBaPRpNza+9+v4up5jAfdNAXQm7Q5dQUOW01VRw1BhLiM1DzagHsSUZNA0kW/iN77X6K4ZYXQaZIbkba12/XHpFKxzRJBPLZWsK5WCNHVRhSbnVbviw32whzDKezNVFrNTT5ZUlQ0cMMD6ZPJjqKjlzUi/O29sRy4l2dF0VeqmaXLeBT08sdjd9YBVvUg/S2E6U0khKM4BPQADDoxQpxFeWQk8hGAur057eZwpdEgLGWdUv+ROfvgRboeSV7OVo6KPdprMDazdfe+D1ggicjVCgK31Fbge/j74UGqjj3pk0sPz7ah++OT8U7KWNy/Ikj62wzg5K2xeSXSLNS11IkfDklqXBG6xWS/6/piCbNKenB/F5Kxuf79hhbBlFTPIFqJgijxN/oNzhrDkdNFJfjO9h+JhpI9Bz+dsZpQxRe3Y6c2KarONWorCpuN7qcYtXI8a8F1hJHJYzc++GjU8aAyIrAA/w8/e2DKSjWpmX4OGwt+LS9yevetv6YdZIV8Yg4NvbK8afMrGUxswtv3iD9cWLsXSQQ/ETVdDS1czAGJMwkKR231AG4UNytqv4bYIny6VZAsiRhPDi3k9hz+mCqLIqxkLqlZoPWe0aj+pzvgeWVaQyxL2K+0GUI+Z8TLkjpInjBmhil4yRSXPdVuu2n05Y1l+UtR1sNZNKdMLht0XSD0JDbNbmB+l8NJKano2tPnFDA38MTtK3yUEfXGmqspjYE1mZ1Z8Up0jA/wC4xP0wF559DVjitjGvzqWvVoKyunrafYiR3CSRuBsUCGwsb87+owwyurziq4MZalzalBs7TjgTQqeZL3AUf5Sb9cJ4q+ByooMozCoZuRatZW+UaD9cPssgzdSC3Z2mZLh1FZNI5VxyN5GO3lYY1YcWa/kRm8dfHQbmZy+nqeHHFVTymQqW4Wspa3eC83Tci4B/D6Y6SLLsumsc2p6YTDiOs90kAAIuqHSxG/mP3gjpc1cpHXx5IKYShnQOAVF7kpqJ0nz2tth1XU+XZ7VSCqmbhlVFxokV+litmXba997EbgbDTw49x/2S5SfTK9XfZs8ss1TM1RFKqtp+M7yEgblCbAg33HXBtOYVy9KhaqnkKohljpyZjq5HYX2O3Lrg/LaQ5FA6ZbCBHZ9fAo0UuSx71lYLcAL3bHkLWucAHJ1zGvaeF4YpJ2CVREQR6mx5NqsVBOm403Onfa2BqTdWMnJdnbNVGNkamIp9N0WsZIwp81La/p0xXq7KpaiYM1RldOj2VzFLIwA3A5gX+W229sMczyijiramppconepjmN3qJWgFgB+FRsync3tfc4HzLPqWmpooKXKIOGzcSYHUrBvEsyk+I5kYnwk3bQeZHK/2O4p4ogk5VmlqamFuGtx+YEbBuWxJJIHIbLsm7XQnhUVdS5foDXjNSwjCc7kPpup3Bvf8tgRtguPtNJBSmFTmENPIpHC+5niIsQbBgn0OBI6jIq+SRVmpYEYkmOqo5oVXy1I+n6HCuE7DpnnzVVZWqyQCQhuiX/s44fKZaYB6xZVDcgqkD5n/AEw5y50hhaKbYMN2B7zHoALgn39fLBtFlz1U6PMEXfSvFY6V9T/ZxB5lDoosXLYjo8plqWCU0JBPVVLEYdQZPop5v8TBqiAZlkLMx8rgEe17+WHMvwlChXeSVJAhQsbSXtswFgvLkDfzGMpOHTRwQZlJ9yjA8KFLuQCSAx5FrMfAePLEnkcu2OsddIEpcsnl7sbSOQSGEQtY+Hhz8cWGh7J57URRrPFTUkKrykIW/ixUbt6kb4Ni7UTlGhymGny+JDw04hW42BubCwuPJiSPbGHtBmehE+PJbVpLKq30jqBtz354CjjXdsZqb6pBkPY9EAaKnWrmt3Zq2TTGvpGnet6kYEzOhSg1JnGcRxRhdQp6VSL+qppuPU++FOd1eZVRb4ivqGQEkRiQ2tp228/Q4rXwbsiTSspWTc6dmY+Sna/mN+WHcodRQvGS7LC3aKGkQQZFAyL+efRpe3lpN/mWwNFJS1UkkmbVcjSFydErGNSOhGm1zfxIwievdIgsaHSpK6mILMb8lHLpzPvgnKKLL6eoSfPllqmZwqQK9lF7fiJ6Db+xYhJp/JndrSCoZaKWs4OXx8Q7fcZfR8Z289RsAMO4MlzzMmYwZWaYr3S9RV2KjwKrcD0JviyRZuuVUSx0mWU1FR762QAKNuQVV39zvy6jCGn7ZZleoVIIuGGazJdOGLsuw6MdN/ceONLzQS9iLHJ9B/8A+uS0KD7TzqNCxAWGlpS73N7AGRm32PNQMYkOUwaVMU8jgi0lVMwJ3I3SIKPHFcqsxjeqZ5VmkkfvFw1rk78uRtYbf64Hn7Xx0sMILq2lSpvdyd7nvf74ks7l/FD+NL+TLS1XOBIKbLUTQbAvAoVvRiuoe+G3ZmQVq1IrXu8ZUSIj7DdWG/Xbzx52/butqAkVFS6dG4L3dtXoPXrhlSUMeZqKyqrMtWoq4kZjJPNDrOkHkri4FgAfADbFo8m7Jz41ovfaPO6SnraXKKKQNPLKLhCw7ulix1DwCgn1GAaxVQAtNSHvaS08aTAH5G3zwjSOgyeknOTikrM3nQwRyUFPI3DB2N3ldix2H4bAW3xWj2xzjL5ZFpKuGWFe45VfzDmN7qwv1xaUuPaslFJ+y319XBEL11LQSRkWaWK97f0FLYhpoMornLRTVtBGgGieJ1qIv6gylx8wPPFbh7YtUF3qKfS6AjVDCgX1ay9PTBmVVYr6xZcsamppm7kskrL3FPgO7f8ATGeWV30XUI12PHyrPKZOJlmY5ZmcZNiUcxP6c3B9sJq2qeFmfOck4Ua/inEJZF9XjOoe4GLPRRZBkbJHmksU5ltJxpWCva2/dB5cvH35CuZv2hq6eqjfLq7WoBRtQa0g5C9ze19+m2xvhvM4rbE4J9FdoaSOlRWnZ4yx70ikF2B5BdXK/U7/AOpclcKewppZI1KAEA7kGx7gtYE878zfCCvztFUqb8SxAYHUy7nf1sRb/bCyozeeSQE2Cyb7G/p8uXtjPHDKWx3lUdItE1dLMmioGhFXuhzf0sDsN+fhhbmWbzR1HCp5G7tyxvfz3t1+eEEtTM92aZmA2tew8ccwyFVIcKysb7nn/wA4osCW3sm8rfQ9jz2uZ+9IoJsWkZeQP7YaynMzDFOBTDWLDU20nMDb28bcvHCKCqyd5GU0ZjAQ6ZDKzFm0+F9t8FZTUzySigao0KfwRSMQjkm2n38+uGligl0cpy+4cMyquHNx5YoCkio11JDMdjbxtz98BVU1bPN8NT1cJjI0oxZQXA8jv5Wx3mlC9NESq8HWdw8ZBVrcuXn0vgqhKGVZK6mm4ZG5ik0kDytfcb4TjGO6C25ewShppFqIw8+t1vYt0AtcW+XoPXAucS5n8UIZELKG7tkOnY9D4b4etlOXVkP+Azeop5L8quPTt0BINvnvtiCryvN8qiWLMqGWoptnSop9yo6H6nnb12FngoylbA+Sjo1TZjXywlautZIYie5Dv05+VuQ8LnB9HEiI4ooameNQqs6vbSx3uFA2HPz574VUtgqinqFmjUEKoUE/1KT7bYtuR5vl41xiBKVy+p+GeRt1vbz2xXHhxzlTYsskkVityrMppWNM+oJ/8h0sBzHlex9cLoMqeNmWtcRMrWCOp71vM/vi/V1ZwK0vJUOadKqOL7yXu/eKVdV6iwKH+nn4HVWWU1UFR4lWNN9t7nfvHx38b40S+kVPxsTyb+RQcvety8usFIlSpFjGo1bfy267+OLt2V7PvmcTJQZhmOVMN3hkusUh/l1fXb2wRl1JV5IZJcs4sSE2bgsLMB1IIN+uMbtJmlRmaIiNDoTUQlIrNe4HXzH19LRxrJF00NLi1pjLOOy8ghegrs3ldpIz/h6c3Mg8ShKrf18MVyLsZXsnwtDBDBBILySTAM1v5gBsR78ufXDqozXtFKiKp+DilGppXVUKn/Ku5PkSPXHJmjKf4irrJ2AuXln0KD47X/c+uKShPIuqFi1H2Ka3sDTJEZGq49CAIRewLc+vLw52wlrMopculaGKXTrAKrEd2Pqdxtt9eWGlZV1dbMiRAwQyRloiO8zWt1G5G456fQ9EMOXVrRVRqIbSxKWFRNJpBse8pty7pJHXu2xmlglH+RTyJ9EUCUbyOtS0zhW7kjXcqd7kg21KLHYWONZpFPTVi8RRwprkBkGkLa+wPK2xxBTVVRHCwlrE48cemNHHFEgJsR4g2J2t8r4YmHM85o1hnpyrAkU9VUFUWMDfS217bbWF/K2Bw5dI7lRVKygNc8tTAQkh70iaLC/la/6YlfJBT0gNRYvoDcRW1LueV+WOhXaBFPSSyRoy95R+Q9R6efO31NNRNNCVEcbi+/3ak/MWP6YSUpJVZygmKDRob62jUHkNQBt+/pgKemlpzpZG4Z/CR19MPjTxfwrG+ndLc/O/7Y7jiJjMciao+ZUrsfTwxyzV2N4b6K3cMpvzHLE0LzMy3ldSg7u/Ienhh1JkKTAmBzEedr6gf3wrnyirgkC2Bt4DVb2tiscsJdMR45R7QbR1sMCk1ZMp1BwgBA25H1625Yb0VHHmKhxValuA72JPy2xXZaSsmUSCCOyc9C6T8v8AbHEck1LIHj4kMnR7kH54E0pdM6LrtHomX5XDTLeCHjlQNNy9j66bm9+oN7bYZZXOkDhaOrMDH/1KWVbqPIXXn6r/AFYodB2oraaQlykvd5spV/mv74e0na6mqCgzCImw2Mqa9P8A1Es3tbEnGSLRlBlhq6LIcxlZM6pzBUDcVNMoB5XvYeG3VvQYRy0WVZfWXg7SsyC4CzUTcRSLcm1i/wDpt1wXBTfazl6CeN7sBpg52uNwejb8msD5k2w1fsXJKhaOD4hl72qVCuk9TY7/AFwcTyJ36Omovoihy/Iq+GP46rknsuhXqoZAi7blUClV9rHzPPDIUFRAka0KJW04ULH8NMmoLtzVyrfK/T1wFk/ZGrp6siWjqOGOTITpPrvuOeLFHk80XcCToP8AI5A/XHqYstx0/wC0ZJY6exLHnFRTSpHW5NX0qqwvJKgjT2YkeGJD2goEkaOSpXU+3dBYW9VBH/GLLRx5jAVEE1lB5MxU8vDwx3TwvUyu2aQULRk9xpadTbxJPhg+SQriio/aEUkhEddBb+BkcEf+OI8yrVjoyIK6KKQHb7kureIsFB39cXubKMnPf+DykSLyZolAPsN/e2BfhsrifhvlFGjNyMUA0+pJ0k/LBeRyXRyR5nSZjJl8xWlHw7aTYSymVL+ARmBG46NgNsxzRsxp6utk4wWTVFFDGxLMARYBQw3vbxt1x7Pw6OCBePDSRryURIGJ9BYH2tiKdofjEoQGp5ZozIDFouFFtiCO7cHbx3G2MsopbKJs8kyjstnE13ocm4aMd5ah+GAPPXY235aWA228bXlvYRHlSXtJmcdSCfu6aC5iXy5DVz5HbyNzi1U+Yz1NaaaWNVKyEWRbFhdbyBSW06dQvfx8cDZlRRZOJq9p4xrYnVMRGyD1PP39PLEcnJK10PBK6Z4PV032fVSx30wzNqjv+XyxzEpjJQ7hhdcMaujFdFo0lZTsms2J8LNy9hgGmkjjY0mZq8LDZZOl/wC/TGVPmi1cWGSQr3DIT313YHlby9MSxCNo9K1BNuSvH/piKKGUal18WPoeuI1kXiXH47bb2xBpsonQyVqlNI0IR4i6/rbBEqhol1Kus7FChXbxvy/vliJZnNOBC0huvfVwDb0IwmjFVG7GLiMoO6o36jCqNsZzrtDaWkkESuFfQSV3FiPLw9/r0wFNNFRrpemZojYNrS4HuN1/vbDGnr6ho/vYYUPK4lK39bgrgmeiqkpzOkQELc2V1dfY/vthk2n8kK0n0xdSU+WVVjwV4Z5mOTddv0+R8sbnyDL3ZPg3mDbW1He/ha3742+XooEsqrA1u41wb/Im/wA8DR5dmAhappJJI4RJa7kbnxHK/K/jzxaOSvf9knD8BFFkjUNVBUViVElKHHG+HbTIR4X6deR6cxzx65Q1cYgD5DmNRWAWBptUckyj+YSWY+gbHmGVQZ4srGGGiqSguxDXZvG6m+o9Th/HOPjbVdLQ1UdyGjZHhVSOo6Dl0+XLF8eX7r+hZY9aZdZ+1PA7tXFSyNy01CNRyH0WUaT7NjcXaaniAklyOoUNzdKVZE/7iHTivxZnJLEoy6lr/h2FtHEZ4ifIhnFv+ngaOQw1DP8AZlOklhd3o0G9+V+FGSdsXU0+myXEt69rsgqA0b1UcWkEujro0+XmfIfLBkebZbNpnjqIQrcizFLjzxRMyzmplp5I6mLLWp1UGJ5cuKgSc7BjIdxtflzvfnajiOqjkT4aooWVW1syOqlD/MWtfqMVU61YOJ7lXZklONdLT0ri1+K8yxgfO5PrhevaKlYg1tSynT/7TQyH3DMb+e2POPh8xracv8O8kmn8UIEhJudrKTz53GFWY09VFK9NVGZWCKdE0ZVgSo2N+Y5/XHNSXsPx+x6we0GV3BU10g/hjjmufcbHHM3aaGiWY02WGIDQQ1S4hG5O+/hb1x4vIhqGBSMRn/07tUC9rbXH1wwyqUw11OKmVJ46tTDIEW4DDcHUfXw64VRb7Z1r7Fhqs/paK9PKi1bcVTEqFmihubNYkgne+xvfxtiv12b1c88jCVY2JI4cESoVN7gGwueouT4eeAc0rJVqHYosZ1k6FNgGHT6YeitgzukjaOkpop0XvxSoE1G99Rva/h12+WBFO6ObFD2QhGcaPPfT6b41PQRVcRR5QJF3UqQb+nn64lpYhMmgQ3J6t0x2Y3jIVmQXbSpHTxx4nNxej0Wk1sQrLJBNwGZyF2+8fYehGGOhSFd1CjkGHT9x74lnhgqaoxwhRDshbpcfmwvp5oxUJHNpZDdNXK9ut9vnjTfNWQTcXQ2pqCSo2pdXE5d0aSflz9sTzUEZi/xgKTrtoljZXPmCANvXA6U6RqWjYgXuFDbD5jb9/HB1MykaKk64xuFkDB187Du29b4z3T7LpJroihkhpgNAh25CojW9/wCUlSB73wPmNdUOvFSZ5SNmE1yV/wAtiQcNVo45GsnBbVyuFUf/AGFh8yPXEX2crSqlbHwo9VuIi8QAdTYbn2OOWTexZ4/sLJOHDBHKknEma5Z9Dbe9rY4yioqJahWlvNGn4UJOk+JtfDX7IjpKl5crqPiqZeYmpXjR/IMbi/kbY7oaKmqXarQCiRWsLKSt/DSCWv6C2KNa0Itlo7PU1BmBaOXJm4xB4UnEPCGx3Y37t7WHM9emJ1np8zWSmjqqrLWp6ZiAbohAbZtervAjYnmfHCGVcoCSQ1EbtLp0qY6hhv420g2+Z25Ymy0w5YrJBXtLHIwUxRyloyD+LXqiA9rYpjbSoEotu0L6yeppgjHMIpmRRvImvpy3B9MbacZlTD46CnnuDoD3I8Nrmy+wGGecR5RVoZKLLouJcB+FXhf/AAKi/thZDl+ZlSKeHiIiatnVdI97X5frjpc0/gzlTW0SUeSLLAxpKypibUQ1NHI1m5cjyvuNivjgWTN6qldYKcw1KdGngiZh6al/vwwfDVQ0VEYoKOoizINfiO4mQgcxZNwfbCuZMwq0M1VRxSd8s0iuqEE+RII9xjbDKlSM8o7O37Q1ijS2Zmncc9ESx2+QHzwrrcwesZmqKvjE85ZZJCT5XIOI1nrGZomy3jQjY3Goj642mUV1S4U5ey3N7abIfbxxpTUidNA8Bo+MpkmjGrbSqSN9Qo3wVVfAwGIxxylYHDLdeGvMeZvz998AVuTVNKshagcONhpDMvt4Y4lirTRaYqaTQ4s2lWB+ot0vgppC7G1TUpLJriWEaypJhtqNyb7m/gfl8kqwxyNEY1Bm1kTlrW5g9R5/84LiybNpIohDl87EKBrkhO59QLfPwxNR5L8PVxfFSlJENywk7lx+UgKSPXbAnlilppBUWzl6tYbvoJ52HhhLNmk88yljdUNwDjMZjy/p8cXbNmaTROJZZ4mlLBQOajkcGZdRJKGkY89reWNYzC5NLQmPsZAKrLCi2HIeQxasiozPJFS1DgwttcKNQ9CcZjMefPuK/Juhqy8ZLkOXK8sE9NHNoA0SMu7Aj8w5eWCvsGGNDFATCCbARMU07+WN4zHuRxQ49Hm85X2CZbkVXSU00MGYvDCHJKqS4LE78+hwqquxtT8eaqnruFNoL8SAmG4HMEAH9cZjMRyQjQ0ZOzmfIqbNNDvDClS62Wddeu/m2rf5YTOtVlnGiqalnJKoVFjf+qynGYzEpaNOMPpsgOa08lRR1bx6F0srrb63JP0wtl7O1UVOZUmjhiJ0vwZGUt6i1jjMZhMkF2PCTdo2Oy2YyALFmr8rhZGJU+uA/hM7jm+ATMYyVNwCGC39P9sbxmIyk1HRVRTeyYVmb0NMYpJKeVlNyCFIJJv1QnrhW+YZtHrLtSmz67BSPr/tjMZjvNOuzvFC3oOoc2zaoQmOKjuOrsTz/pwv7UVGcxxI08kCKSAeBK6/QWGMxmKeST9kvHGuiCHLq14FL5g6o4vpQt+5x3Tdm5q6XhxShvHiSlf0BxmMwMbcpbHcIxWkf//Z', '2024-09-03 06:24:14', '2024-09-30 01:29:31');

-- --------------------------------------------------------

--
-- Table structure for table `beds`
--

CREATE TABLE `beds` (
  `id` bigint(20) UNSIGNED NOT NULL,
  `hostel_id` bigint(20) UNSIGNED NOT NULL,
  `room_id` bigint(20) UNSIGNED NOT NULL,
  `bed_number` varchar(255) NOT NULL,
  `status` tinyint(4) NOT NULL DEFAULT 0 COMMENT '1 => Booked, 0 => Not Booked',
  `created_at` timestamp NULL DEFAULT NULL,
  `updated_at` timestamp NULL DEFAULT NULL
) ENGINE=InnoDB DEFAULT CHARSET=utf8mb4 COLLATE=utf8mb4_unicode_ci;

--
-- Dumping data for table `beds`
--

INSERT INTO `beds` (`id`, `hostel_id`, `room_id`, `bed_number`, `status`, `created_at`, `updated_at`) VALUES
(7, 2, 7, '101-a', 0, '2024-09-12 07:09:53', '2024-09-16 23:18:42'),
(8, 1, 6, '201-a', 0, '2024-09-12 07:10:13', '2024-09-30 07:20:41'),
(9, 1, 6, '201-b', 0, '2024-09-12 07:10:37', '2024-09-30 06:10:39'),
(10, 2, 7, '101-b', 0, '2024-09-12 07:11:00', '2024-09-30 06:21:19'),
(11, 1, 6, '102-a', 0, '2024-09-16 23:25:52', '2024-09-16 23:25:52'),
(12, 1, 6, '201-c', 0, '2024-09-17 07:50:10', '2024-09-17 07:50:10'),
(13, 2, 7, '101-c', 0, '2024-09-17 07:51:24', '2024-09-30 06:23:15');

-- --------------------------------------------------------

--
-- Table structure for table `cache`
--

CREATE TABLE `cache` (
  `key` varchar(255) NOT NULL,
  `value` mediumtext NOT NULL,
  `expiration` int(11) NOT NULL
) ENGINE=InnoDB DEFAULT CHARSET=utf8mb4 COLLATE=utf8mb4_unicode_ci;

-- --------------------------------------------------------

--
-- Table structure for table `cache_locks`
--

CREATE TABLE `cache_locks` (
  `key` varchar(255) NOT NULL,
  `owner` varchar(255) NOT NULL,
  `expiration` int(11) NOT NULL
) ENGINE=InnoDB DEFAULT CHARSET=utf8mb4 COLLATE=utf8mb4_unicode_ci;

-- --------------------------------------------------------

--
-- Table structure for table `complains`
--

CREATE TABLE `complains` (
  `id` bigint(20) UNSIGNED NOT NULL,
  `complain_by` bigint(20) UNSIGNED NOT NULL,
  `message` text NOT NULL,
  `type` varchar(255) NOT NULL,
  `status` varchar(255) NOT NULL DEFAULT 'Pending',
  `admin_comments` varchar(255) DEFAULT NULL,
  `created_at` timestamp NULL DEFAULT NULL,
  `updated_at` timestamp NULL DEFAULT NULL
) ENGINE=InnoDB DEFAULT CHARSET=utf8mb4 COLLATE=utf8mb4_unicode_ci;

--
-- Dumping data for table `complains`
--

INSERT INTO `complains` (`id`, `complain_by`, `message`, `type`, `status`, `admin_comments`, `created_at`, `updated_at`) VALUES
(1, 22, 'asdfghjkl', 'Technical', 'Pending', NULL, '2024-08-23 01:18:16', '2024-08-23 01:18:16'),
(2, 22, 'asdfghjkl', 'Management', 'Pending', NULL, '2024-08-23 01:19:18', '2024-08-23 01:19:31');

-- --------------------------------------------------------

--
-- Table structure for table `country`
--

CREATE TABLE `country` (
  `id` bigint(20) UNSIGNED NOT NULL,
  `name` varchar(255) NOT NULL,
  `created_at` timestamp NULL DEFAULT NULL,
  `updated_at` timestamp NULL DEFAULT NULL
) ENGINE=InnoDB DEFAULT CHARSET=utf8mb4 COLLATE=utf8mb4_unicode_ci;

--
-- Dumping data for table `country`
--

INSERT INTO `country` (`id`, `name`, `created_at`, `updated_at`) VALUES
(1, 'India', '2024-08-08 01:08:44', '2024-08-08 01:08:44'),
(2, 'Africa', '2024-08-08 01:08:44', '2024-08-08 01:08:44'),
(3, 'UK', '2024-08-08 01:08:44', '2024-08-08 01:08:44'),
(4, 'USA', '2024-08-08 01:08:44', '2024-08-08 01:08:44'),
(5, 'Australia', '2024-08-08 01:08:44', '2024-08-08 01:08:44'),
(6, 'Oman', '2024-08-08 01:08:44', '2024-08-08 01:08:44'),
(7, 'Seychelles', '2024-08-08 01:08:44', '2024-08-08 01:08:44'),
(8, 'Other', '2024-08-08 01:08:44', '2024-08-08 01:08:44');

-- --------------------------------------------------------

--
-- Table structure for table `courses`
--

CREATE TABLE `courses` (
  `id` bigint(20) UNSIGNED NOT NULL,
  `course_name` varchar(255) NOT NULL,
  `duration` varchar(255) NOT NULL,
  `status` tinyint(4) NOT NULL DEFAULT 1 COMMENT '1 => Enable, 0 => Disabled',
  `semesters` varchar(255) NOT NULL,
  `created_at` timestamp NULL DEFAULT NULL,
  `updated_at` timestamp NULL DEFAULT NULL
) ENGINE=InnoDB DEFAULT CHARSET=utf8mb4 COLLATE=utf8mb4_unicode_ci;

--
-- Dumping data for table `courses`
--

INSERT INTO `courses` (`id`, `course_name`, `duration`, `status`, `semesters`, `created_at`, `updated_at`) VALUES
(2, 'Diploma', '4 years', 1, '6', '2024-08-07 06:42:47', '2024-10-01 05:33:33'),
(5, 'b.tech', '4 years', 1, '8', '2024-10-02 00:13:05', '2024-10-02 00:13:05');

-- --------------------------------------------------------

--
-- Table structure for table `document_type`
--

CREATE TABLE `document_type` (
  `id` bigint(20) UNSIGNED NOT NULL,
  `type` varchar(191) NOT NULL,
  `created_at` timestamp NULL DEFAULT NULL,
  `updated_at` timestamp NULL DEFAULT NULL
) ENGINE=InnoDB DEFAULT CHARSET=utf8mb4 COLLATE=utf8mb4_unicode_ci;

--
-- Dumping data for table `document_type`
--

INSERT INTO `document_type` (`id`, `type`, `created_at`, `updated_at`) VALUES
(1, 'SSC', NULL, NULL),
(2, 'HSC', NULL, NULL),
(3, 'Leaving', NULL, NULL),
(4, 'Semester 1', NULL, NULL),
(5, 'Semester 2', NULL, NULL),
(6, 'Semester 3', NULL, NULL),
(7, 'Semester 4', NULL, NULL),
(8, 'Semester 5', NULL, NULL),
(9, 'Semester 6', NULL, NULL),
(10, 'Semester 7', NULL, NULL),
(11, 'Semester 8', NULL, NULL),
(12, 'Collage Fees Receipt', NULL, NULL),
(13, 'Degree Certificate', NULL, NULL),
(14, 'Aadhar Card Front', NULL, NULL),
(15, 'CPT', NULL, NULL),
(16, 'IPCC', NULL, NULL),
(17, 'CA Final', NULL, NULL),
(18, 'Passport', NULL, NULL),
(19, 'Others', NULL, NULL),
(20, 'Aadhar Card Back', NULL, NULL),
(21, 'Parent Aadhar Card Front', NULL, NULL),
(22, 'Parent Aadhar Card Back', NULL, NULL),
(23, 'Internship Offer Letter', NULL, NULL),
(24, 'Collage Fees Receipt 2', NULL, NULL),
(25, 'Collage Fees Receipt 3', NULL, NULL),
(26, 'Collage Fees Receipt 4', NULL, NULL);

-- --------------------------------------------------------

--
-- Table structure for table `failed_jobs`
--

CREATE TABLE `failed_jobs` (
  `id` bigint(20) UNSIGNED NOT NULL,
  `uuid` varchar(255) NOT NULL,
  `connection` text NOT NULL,
  `queue` text NOT NULL,
  `payload` longtext NOT NULL,
  `exception` longtext NOT NULL,
  `failed_at` timestamp NOT NULL DEFAULT current_timestamp()
) ENGINE=InnoDB DEFAULT CHARSET=utf8mb4 COLLATE=utf8mb4_unicode_ci;

-- --------------------------------------------------------

--
-- Table structure for table `fees`
--

CREATE TABLE `fees` (
  `id` bigint(20) UNSIGNED NOT NULL,
  `serial_number` bigint(20) DEFAULT NULL,
  `financial_year` varchar(255) DEFAULT NULL,
  `donation_type` varchar(255) NOT NULL,
  `addmission_id` bigint(20) UNSIGNED NOT NULL,
  `student_name` varchar(255) NOT NULL,
  `father_name` varchar(255) NOT NULL,
  `address` varchar(255) NOT NULL,
  `fees_amount` varchar(255) NOT NULL,
  `payment_type` varchar(255) NOT NULL,
  `bank_name` varchar(255) DEFAULT NULL,
  `cheque_number` varchar(255) DEFAULT NULL,
  `payment_method` varchar(255) NOT NULL,
  `paid_at` date NOT NULL,
  `status` tinyint(4) NOT NULL DEFAULT 0 COMMENT '1 => Paid, 0 => UnPaid',
  `transaction_number` varchar(255) DEFAULT NULL,
  `receipt_number` varchar(255) DEFAULT NULL,
  `remark` varchar(255) DEFAULT NULL,
  `created_at` timestamp NULL DEFAULT NULL,
  `updated_at` timestamp NULL DEFAULT NULL
) ENGINE=InnoDB DEFAULT CHARSET=utf8mb4 COLLATE=utf8mb4_unicode_ci;

--
-- Dumping data for table `fees`
--

INSERT INTO `fees` (`id`, `serial_number`, `financial_year`, `donation_type`, `addmission_id`, `student_name`, `father_name`, `address`, `fees_amount`, `payment_type`, `bank_name`, `cheque_number`, `payment_method`, `paid_at`, `status`, `transaction_number`, `receipt_number`, `remark`, `created_at`, `updated_at`) VALUES
(1, 1, '24-25', 'Vidhyadan', 4, 'asdasd ASDAS aasd', 'asdasd', 'asdfghjk', '10000', 'Cash', NULL, NULL, 'Monthly', '2024-09-12', 1, NULL, NULL, NULL, '2024-09-11 23:43:48', '2024-09-11 23:43:48');

-- --------------------------------------------------------

--
-- Table structure for table `hostels`
--

CREATE TABLE `hostels` (
  `id` bigint(20) UNSIGNED NOT NULL,
  `hostel_name` varchar(255) NOT NULL,
  `location` text NOT NULL,
  `contact_number` varchar(255) NOT NULL,
  `mobile_number` varchar(255) NOT NULL,
  `status` tinyint(4) NOT NULL DEFAULT 1 COMMENT '1 => Enable, 0 => Disabled',
  `warden_id` int(11) NOT NULL,
  `created_at` timestamp NULL DEFAULT NULL,
  `updated_at` timestamp NULL DEFAULT NULL
) ENGINE=InnoDB DEFAULT CHARSET=utf8mb4 COLLATE=utf8mb4_unicode_ci;

--
-- Dumping data for table `hostels`
--

INSERT INTO `hostels` (`id`, `hostel_name`, `location`, `contact_number`, `mobile_number`, `status`, `warden_id`, `created_at`, `updated_at`) VALUES
(1, 'Matrushri Veliben Kanji Premji Kanya & Kumar Seva Sadan', '3-Sthanakwasi Jain Co.H.Soci,\r\nOpp.Rokadiya Hanuman Tempal\r\nNe.Naranpura Railway Crossing\r\nNaranpura-380013, Ahmedabad', '9099211718', '9099211718', 0, 1, '2024-08-09 01:29:23', '2024-10-02 03:58:47'),
(2, 'Shreemati Dhanbai Shivjibhai Shiyani Seva Sadan', '4-Ketan Co.H.Soci, Opp. BD Patel House\r\nLakhudi Char Rasta\r\nNavranpura  380014, Ahmedabad', '9099211718', '9099211718', 1, 1, '2024-08-09 03:28:28', '2024-08-09 03:28:28');

-- --------------------------------------------------------

--
-- Table structure for table `jobs`
--

CREATE TABLE `jobs` (
  `id` bigint(20) UNSIGNED NOT NULL,
  `queue` varchar(255) NOT NULL,
  `payload` longtext NOT NULL,
  `attempts` tinyint(3) UNSIGNED NOT NULL,
  `reserved_at` int(10) UNSIGNED DEFAULT NULL,
  `available_at` int(10) UNSIGNED NOT NULL,
  `created_at` int(10) UNSIGNED NOT NULL
) ENGINE=InnoDB DEFAULT CHARSET=utf8mb4 COLLATE=utf8mb4_unicode_ci;

-- --------------------------------------------------------

--
-- Table structure for table `job_batches`
--

CREATE TABLE `job_batches` (
  `id` varchar(255) NOT NULL,
  `name` varchar(255) NOT NULL,
  `total_jobs` int(11) NOT NULL,
  `pending_jobs` int(11) NOT NULL,
  `failed_jobs` int(11) NOT NULL,
  `failed_job_ids` longtext NOT NULL,
  `options` mediumtext DEFAULT NULL,
  `cancelled_at` int(11) DEFAULT NULL,
  `created_at` int(11) NOT NULL,
  `finished_at` int(11) DEFAULT NULL
) ENGINE=InnoDB DEFAULT CHARSET=utf8mb4 COLLATE=utf8mb4_unicode_ci;

-- --------------------------------------------------------

--
-- Table structure for table `leaves`
--

CREATE TABLE `leaves` (
  `id` bigint(20) UNSIGNED NOT NULL,
  `leave_apply_by` bigint(20) UNSIGNED NOT NULL,
  `reason` text NOT NULL,
  `leave_from` date NOT NULL,
  `leave_to` date NOT NULL,
  `approve_by` bigint(20) UNSIGNED DEFAULT NULL,
  `note` text NOT NULL,
  `leave_status` varchar(255) NOT NULL DEFAULT 'Pending',
  `created_at` timestamp NULL DEFAULT NULL,
  `updated_at` timestamp NULL DEFAULT NULL
) ENGINE=InnoDB DEFAULT CHARSET=utf8mb4 COLLATE=utf8mb4_unicode_ci;

--
-- Dumping data for table `leaves`
--

INSERT INTO `leaves` (`id`, `leave_apply_by`, `reason`, `leave_from`, `leave_to`, `approve_by`, `note`, `leave_status`, `created_at`, `updated_at`) VALUES
(1, 22, 'sdfghjkl', '2024-08-01', '2024-08-22', 1, 'asdfghjkl', 'Rejected', '2024-08-23 04:43:37', '2024-08-27 23:48:09');

-- --------------------------------------------------------

--
-- Table structure for table `migrations`
--

CREATE TABLE `migrations` (
  `id` int(10) UNSIGNED NOT NULL,
  `migration` varchar(255) NOT NULL,
  `batch` int(11) NOT NULL
) ENGINE=InnoDB DEFAULT CHARSET=utf8mb4 COLLATE=utf8mb4_unicode_ci;

--
-- Dumping data for table `migrations`
--

INSERT INTO `migrations` (`id`, `migration`, `batch`) VALUES
(1, '0001_01_01_000000_create_users_table', 1),
(2, '0001_01_01_000001_create_cache_table', 1),
(3, '0001_01_01_000002_create_jobs_table', 1),
(4, '2024_08_07_070522_create_course_table', 2),
(5, '2024_08_08_063205_create_country_table', 3),
(6, '2024_08_08_070251_create_wardens_table', 4),
(8, '2024_08_08_124717_create_hostels_table', 5),
(9, '2024_08_09_095514_create_rooms_table', 6),
(14, '2024_08_09_110528_create_beds_table', 7),
(15, '2024_08_13_111810_create_settings_table', 8),
(16, '2024_08_14_104801_create_permission_tables', 9),
(17, '2024_08_16_045238_create_module_permission_table', 10),
(21, '2024_08_20_053403_create_wardens_table', 11),
(23, '2024_08_20_105207_create_students_table', 12),
(31, '2024_08_22_113214_create_complains_table', 13),
(34, '2024_08_23_091603_create_leaves_table', 14),
(38, '2024_09_03_065219_addmission', 15),
(40, '2024_09_05_041940_student_documents', 16),
(50, '2024_09_12_124236_create_student_map_table', 18),
(51, '2024_10_02_042527_create_activity_log_table', 19),
(52, '2024_10_02_042528_add_event_column_to_activity_log_table', 20),
(55, '2024_10_02_042529_add_batch_uuid_column_to_activity_log_table', 21);

-- --------------------------------------------------------

--
-- Table structure for table `model_has_permissions`
--

CREATE TABLE `model_has_permissions` (
  `permission_id` bigint(20) UNSIGNED NOT NULL,
  `model_type` varchar(255) NOT NULL,
  `model_id` bigint(20) UNSIGNED NOT NULL
) ENGINE=InnoDB DEFAULT CHARSET=utf8mb4 COLLATE=utf8mb4_unicode_ci;

-- --------------------------------------------------------

--
-- Table structure for table `model_has_roles`
--

CREATE TABLE `model_has_roles` (
  `role_id` bigint(20) UNSIGNED NOT NULL,
  `model_type` varchar(255) NOT NULL,
  `model_id` bigint(20) UNSIGNED NOT NULL
) ENGINE=InnoDB DEFAULT CHARSET=utf8mb4 COLLATE=utf8mb4_unicode_ci;

-- --------------------------------------------------------

--
-- Table structure for table `module_permission`
--

CREATE TABLE `module_permission` (
  `id` bigint(20) UNSIGNED NOT NULL,
  `role_id` bigint(20) UNSIGNED NOT NULL,
  `module` varchar(255) NOT NULL,
  `read` enum('on','off') DEFAULT NULL,
  `create` enum('on','off') DEFAULT NULL,
  `update` enum('on','off') DEFAULT NULL,
  `delete` enum('on','off') DEFAULT NULL,
  `created_at` timestamp NULL DEFAULT NULL,
  `updated_at` timestamp NULL DEFAULT NULL
) ENGINE=InnoDB DEFAULT CHARSET=utf8mb4 COLLATE=utf8mb4_unicode_ci;

--
-- Dumping data for table `module_permission`
--

INSERT INTO `module_permission` (`id`, `role_id`, `module`, `read`, `create`, `update`, `delete`, `created_at`, `updated_at`) VALUES
(1, 4, 'Beds', 'on', 'on', 'on', 'on', '2024-08-28 04:39:26', '2024-08-28 04:39:26'),
(2, 4, 'Country', 'on', 'on', 'on', 'on', '2024-08-28 04:39:26', '2024-08-28 04:39:26'),
(3, 4, 'Courses', 'on', 'on', 'on', 'on', '2024-08-28 04:39:26', '2024-08-28 04:39:26'),
(4, 4, 'Hostels', 'on', 'on', 'on', 'on', '2024-08-28 04:39:26', '2024-08-28 04:39:26'),
(5, 4, 'Settings', 'on', 'on', 'on', 'on', '2024-08-28 04:39:26', '2024-08-28 04:39:26'),
(6, 4, 'wardens', 'on', 'on', 'on', 'on', '2024-08-28 04:39:26', '2024-08-28 04:39:26'),
(7, 4, 'User', 'on', 'on', 'on', 'on', '2024-08-28 04:39:26', '2024-08-28 04:39:26');

-- --------------------------------------------------------

--
-- Table structure for table `password_reset_tokens`
--

CREATE TABLE `password_reset_tokens` (
  `email` varchar(255) NOT NULL,
  `token` varchar(255) NOT NULL,
  `created_at` timestamp NULL DEFAULT NULL
) ENGINE=InnoDB DEFAULT CHARSET=utf8mb4 COLLATE=utf8mb4_unicode_ci;

-- --------------------------------------------------------

--
-- Table structure for table `permissions`
--

CREATE TABLE `permissions` (
  `id` bigint(20) UNSIGNED NOT NULL,
  `name` varchar(255) NOT NULL,
  `guard_name` varchar(255) NOT NULL,
  `created_at` timestamp NULL DEFAULT NULL,
  `updated_at` timestamp NULL DEFAULT NULL
) ENGINE=InnoDB DEFAULT CHARSET=utf8mb4 COLLATE=utf8mb4_unicode_ci;

-- --------------------------------------------------------

--
-- Table structure for table `roles`
--

CREATE TABLE `roles` (
  `id` bigint(20) UNSIGNED NOT NULL,
  `name` varchar(255) NOT NULL,
  `guard_name` varchar(255) NOT NULL,
  `created_at` timestamp NULL DEFAULT NULL,
  `updated_at` timestamp NULL DEFAULT NULL
) ENGINE=InnoDB DEFAULT CHARSET=utf8mb4 COLLATE=utf8mb4_unicode_ci;

--
-- Dumping data for table `roles`
--

INSERT INTO `roles` (`id`, `name`, `guard_name`, `created_at`, `updated_at`) VALUES
(2, 'warden', 'admin', '2024-08-16 03:42:11', '2024-08-16 03:42:11'),
(3, 'student', 'admin', '2024-08-16 03:42:35', '2024-08-16 03:42:35'),
(4, 'Admin', 'admin', '2024-08-28 04:38:53', '2024-08-28 04:38:53');

-- --------------------------------------------------------

--
-- Table structure for table `role_has_permissions`
--

CREATE TABLE `role_has_permissions` (
  `permission_id` bigint(20) UNSIGNED NOT NULL,
  `role_id` bigint(20) UNSIGNED NOT NULL
) ENGINE=InnoDB DEFAULT CHARSET=utf8mb4 COLLATE=utf8mb4_unicode_ci;

-- --------------------------------------------------------

--
-- Table structure for table `rooms`
--

CREATE TABLE `rooms` (
  `id` bigint(20) UNSIGNED NOT NULL,
  `hostel_id` bigint(20) UNSIGNED NOT NULL,
  `room_number` varchar(255) NOT NULL,
  `status` tinyint(4) NOT NULL DEFAULT 0 COMMENT '1 => Booked, 0 => Not Booked',
  `created_at` timestamp NULL DEFAULT NULL,
  `updated_at` timestamp NULL DEFAULT NULL
) ENGINE=InnoDB DEFAULT CHARSET=utf8mb4 COLLATE=utf8mb4_unicode_ci;

--
-- Dumping data for table `rooms`
--

INSERT INTO `rooms` (`id`, `hostel_id`, `room_number`, `status`, `created_at`, `updated_at`) VALUES
(6, 1, '201', 1, '2024-08-14 01:37:08', '2024-08-14 01:37:08'),
(7, 2, '101', 1, '2024-08-16 06:21:50', '2024-08-16 06:21:50');

-- --------------------------------------------------------

--
-- Table structure for table `sessions`
--

CREATE TABLE `sessions` (
  `id` varchar(255) NOT NULL,
  `user_id` bigint(20) UNSIGNED DEFAULT NULL,
  `ip_address` varchar(45) DEFAULT NULL,
  `user_agent` text DEFAULT NULL,
  `payload` longtext NOT NULL,
  `last_activity` int(11) NOT NULL
) ENGINE=InnoDB DEFAULT CHARSET=utf8mb4 COLLATE=utf8mb4_unicode_ci;

--
-- Dumping data for table `sessions`
--

INSERT INTO `sessions` (`id`, `user_id`, `ip_address`, `user_agent`, `payload`, `last_activity`) VALUES
('89SXgdkqjEUS2vgI0R5aA5HvuxgrnLbUTG5kiZX8', 1, '127.0.0.1', 'Mozilla/5.0 (Windows NT 10.0; Win64; x64) AppleWebKit/537.36 (KHTML, like Gecko) Chrome/129.0.0.0 Safari/537.36', 'YTo0OntzOjY6Il90b2tlbiI7czo0MDoiZEwxNGNSU1VKUWo5NEs2b0hkb3VwVmlKR29UVjVOdHZGUDdUWXp6NCI7czo5OiJfcHJldmlvdXMiO2E6MTp7czozOiJ1cmwiO3M6Mzg6Imh0dHA6Ly8xMjcuMC4wLjE6ODAwMC9BZGRtaXNzaW9uL2luZGV4Ijt9czo2OiJfZmxhc2giO2E6Mjp7czozOiJvbGQiO2E6MDp7fXM6MzoibmV3IjthOjA6e319czo1MDoibG9naW5fd2ViXzU5YmEzNmFkZGMyYjJmOTQwMTU4MGYwMTRjN2Y1OGVhNGUzMDk4OWQiO2k6MTt9', 1727938246);

-- --------------------------------------------------------

--
-- Table structure for table `settings`
--

CREATE TABLE `settings` (
  `id` bigint(20) UNSIGNED NOT NULL,
  `key` varchar(255) NOT NULL,
  `value` varchar(255) DEFAULT NULL,
  `created_at` timestamp NULL DEFAULT NULL,
  `updated_at` timestamp NULL DEFAULT NULL
) ENGINE=InnoDB DEFAULT CHARSET=utf8mb4 COLLATE=utf8mb4_unicode_ci;

--
-- Dumping data for table `settings`
--

INSERT INTO `settings` (`id`, `key`, `value`, `created_at`, `updated_at`) VALUES
(1, 'new_admission_date', '2024-08-02', '2024-08-13 07:44:49', '2024-08-13 22:58:59'),
(2, 'old_admission_date', '2024-08-04', '2024-08-13 07:44:49', '2024-08-13 07:44:49'),
(3, 'new_admission_label', 'addmission open', '2024-08-13 22:54:44', '2024-08-13 22:58:23'),
(4, 'old_admission_label', 'addmission open', '2024-08-13 22:54:44', '2024-08-13 22:59:59'),
(5, 'start_attendance', '09:54', '2024-08-13 22:54:44', '2024-08-13 22:54:44'),
(6, 'end_attendance', '21:54', '2024-08-13 22:54:44', '2024-08-13 22:54:44');

-- --------------------------------------------------------

--
-- Table structure for table `students`
--

CREATE TABLE `students` (
  `id` bigint(20) UNSIGNED NOT NULL,
  `course_id` bigint(20) UNSIGNED DEFAULT NULL,
  `country_id` bigint(20) UNSIGNED NOT NULL,
  `first_name` varchar(255) NOT NULL,
  `middle_name` varchar(255) NOT NULL,
  `last_name` varchar(255) NOT NULL,
  `email` varchar(255) NOT NULL,
  `password` varchar(255) NOT NULL,
  `phone` varchar(255) NOT NULL,
  `dob` date NOT NULL,
  `gender` varchar(20) NOT NULL,
  `address` text NOT NULL,
  `village` varchar(255) NOT NULL,
  `is_any_illness` varchar(255) NOT NULL DEFAULT '0',
  `illness_description` varchar(255) DEFAULT NULL,
  `user_id` bigint(20) UNSIGNED NOT NULL,
  `status` tinyint(4) NOT NULL DEFAULT 1 COMMENT '1 => Active, 0 => Inactive',
  `created_at` timestamp NULL DEFAULT NULL,
  `updated_at` timestamp NULL DEFAULT NULL
) ENGINE=InnoDB DEFAULT CHARSET=utf8mb4 COLLATE=utf8mb4_unicode_ci;

--
-- Dumping data for table `students`
--

INSERT INTO `students` (`id`, `course_id`, `country_id`, `first_name`, `middle_name`, `last_name`, `email`, `password`, `phone`, `dob`, `gender`, `address`, `village`, `is_any_illness`, `illness_description`, `user_id`, `status`, `created_at`, `updated_at`) VALUES
(4, NULL, 6, 'asdasd', 'ASDAS', 'aasd', 'test2@gmail.com', '123456789', '1234567890', '2024-08-01', 'male', 'asdfghjk', 'Baladia', '0', NULL, 22, 1, '2024-08-21 23:43:04', '2024-08-21 23:43:04'),
(5, NULL, 6, 'asdasd', 'narotam', 'qweqwe', 'skpls111@gmail.com', '123456789', '1234567890', '2024-08-01', 'female', 'asdfgh', 'Bharapur', '0', NULL, 24, 1, '2024-08-22 03:47:03', '2024-08-22 03:47:03'),
(6, NULL, 1, 'asdasd', 'ASDAS', 'aasd', 'skpls1231@gmail.com', '12345678', '1234554312', '2024-08-01', 'male', 'sdfghj', 'Asambiya', '0', NULL, 25, 1, '2024-08-22 03:53:50', '2024-08-22 03:53:50');

-- --------------------------------------------------------

--
-- Table structure for table `student_documents`
--

CREATE TABLE `student_documents` (
  `id` bigint(20) UNSIGNED NOT NULL,
  `student_id` bigint(20) UNSIGNED NOT NULL,
  `doctype` varchar(255) NOT NULL,
  `doc` longtext NOT NULL,
  `percentile` varchar(255) DEFAULT NULL,
  `result_Status` varchar(255) NOT NULL,
  `created_at` timestamp NULL DEFAULT NULL,
  `updated_at` timestamp NULL DEFAULT NULL
) ENGINE=InnoDB DEFAULT CHARSET=utf8mb4 COLLATE=utf8mb4_unicode_ci;

--
-- Dumping data for table `student_documents`
--

INSERT INTO `student_documents` (`id`, `student_id`, `doctype`, `doc`, `percentile`, `result_Status`, `created_at`, `updated_at`) VALUES
(1, 4, 'SSC', 'D:\\laravel\\students\\public\\assets/documents/1726493243_reservation.sql', '66', 'pass', '2024-09-05 03:20:49', '2024-09-16 07:57:23'),
(2, 4, 'HSC', 'D:\\laravel\\students\\public\\assets/documents/1725540823_new_project (1).sql', '33', 'fail', '2024-09-05 03:22:01', '2024-09-05 07:23:43'),
(3, 5, 'SSC', 'D:\\laravel\\students\\public\\assets/documents/1727937540_dashboard.sql', '66', 'pass', '2024-09-16 08:04:28', '2024-10-03 01:09:00');

-- --------------------------------------------------------

--
-- Table structure for table `student_map`
--

CREATE TABLE `student_map` (
  `id` bigint(20) UNSIGNED NOT NULL,
  `student_id` bigint(20) UNSIGNED NOT NULL,
  `addmission_id` bigint(20) UNSIGNED NOT NULL,
  `addmission_year` varchar(255) NOT NULL,
  `hostel_id` bigint(20) UNSIGNED DEFAULT NULL,
  `room_id` varchar(255) DEFAULT NULL,
  `bed_id` bigint(20) UNSIGNED DEFAULT NULL,
  `is_bed_release` varchar(255) NOT NULL DEFAULT '0',
  `created_at` timestamp NULL DEFAULT NULL,
  `updated_at` timestamp NULL DEFAULT NULL
) ENGINE=InnoDB DEFAULT CHARSET=utf8mb4 COLLATE=utf8mb4_unicode_ci;

--
-- Dumping data for table `student_map`
--

INSERT INTO `student_map` (`id`, `student_id`, `addmission_id`, `addmission_year`, `hostel_id`, `room_id`, `bed_id`, `is_bed_release`, `created_at`, `updated_at`) VALUES
(1, 4, 1, '2024', NULL, NULL, NULL, '0', '2024-09-30 06:05:32', '2024-09-30 07:22:21');

-- --------------------------------------------------------

--
-- Table structure for table `users`
--

CREATE TABLE `users` (
  `id` bigint(20) UNSIGNED NOT NULL,
  `role_id` int(11) DEFAULT NULL,
  `name` varchar(255) NOT NULL,
  `email` varchar(255) NOT NULL,
  `email_verified_at` timestamp NULL DEFAULT NULL,
  `password` varchar(255) NOT NULL,
  `remember_token` varchar(100) DEFAULT NULL,
  `created_at` timestamp NULL DEFAULT NULL,
  `updated_at` timestamp NULL DEFAULT NULL
) ENGINE=InnoDB DEFAULT CHARSET=utf8mb4 COLLATE=utf8mb4_unicode_ci;

--
-- Dumping data for table `users`
--

INSERT INTO `users` (`id`, `role_id`, `name`, `email`, `email_verified_at`, `password`, `remember_token`, `created_at`, `updated_at`) VALUES
(1, 1, 'Admin', 'test@gmail.com', NULL, '$2y$12$UGtLrNM8CFg31KOFJeKGB.ucmt2fCn1GmfA3YXRndswk2B.eznXL2', NULL, '2024-08-07 00:52:06', '2024-08-07 00:52:06'),
(20, 2, 'dfgdfg aasd', 'skpls@gmail.com', NULL, '$2y$12$.hOJT3CZqg0VAKJpVRdb2.aS/lAiioaKmuouG/owhDlF6SlZAjTtS', NULL, '2024-08-20 07:12:33', '2024-08-20 07:12:33'),
(22, 3, 'asdasd aasd', 'test2@gmail.com', NULL, '$2y$12$UGtLrNM8CFg31KOFJeKGB.ucmt2fCn1GmfA3YXRndswk2B.eznXL2', NULL, '2024-08-21 23:43:04', '2024-08-21 23:43:04'),
(24, 3, 'asdasd qweqwe', 'skpls111@gmail.com', NULL, '$2y$12$aRYKPfi8ONikgSYixD4leu70kB/UQdDJXyMoME8jXFLGTlWkw7vIe', NULL, '2024-08-22 03:47:03', '2024-08-22 03:47:03'),
(25, 3, 'asdasd aasd', 'skpls1231@gmail.com', NULL, '$2y$12$b.6R341Yfdo9VbfnPOAQhOCqjqRpHfbVkcV2pu.uKX9B7tbjMpN2W', NULL, '2024-08-22 03:53:50', '2024-08-22 03:53:50'),
(26, 4, 'test2', 'dhirajmepani.22.mca@iite.indusuni.ac.in', NULL, '$2y$12$B3Utj9xsuMSsh0VAUExbqurBhJKEHT/WVc4BpWyCCOq2SeSmB67Be', NULL, '2024-08-28 06:18:11', '2024-08-28 06:18:11');

-- --------------------------------------------------------

--
-- Table structure for table `wardens`
--

CREATE TABLE `wardens` (
  `id` bigint(20) UNSIGNED NOT NULL,
  `first_name` varchar(255) NOT NULL,
  `last_name` varchar(255) NOT NULL,
  `email` varchar(255) NOT NULL,
  `phone` varchar(255) NOT NULL,
  `dob` date NOT NULL,
  `gender` varchar(20) NOT NULL,
  `address` text NOT NULL,
  `experience` varchar(255) NOT NULL,
  `qualification` varchar(255) NOT NULL,
  `user_id` bigint(20) UNSIGNED NOT NULL,
  `status` tinyint(4) NOT NULL DEFAULT 1 COMMENT '1 => Active, 0 => Inactive',
  `created_at` timestamp NULL DEFAULT NULL,
  `updated_at` timestamp NULL DEFAULT NULL
) ENGINE=InnoDB DEFAULT CHARSET=utf8mb4 COLLATE=utf8mb4_unicode_ci;

--
-- Dumping data for table `wardens`
--

INSERT INTO `wardens` (`id`, `first_name`, `last_name`, `email`, `phone`, `dob`, `gender`, `address`, `experience`, `qualification`, `user_id`, `status`, `created_at`, `updated_at`) VALUES
(1, 'dfgdfg', 'aasd', 'skpls@gmail.com', '1234567890', '2024-08-01', 'male', 'bdfgsdg', '12', '12', 20, 1, '2024-08-20 07:12:33', '2024-08-20 07:12:33');

--
-- Indexes for dumped tables
--

--
-- Indexes for table `activity_log`
--
ALTER TABLE `activity_log`
  ADD PRIMARY KEY (`id`),
  ADD KEY `subject` (`subject_type`,`subject_id`),
  ADD KEY `causer` (`causer_type`,`causer_id`),
  ADD KEY `activity_log_log_name_index` (`log_name`);

--
-- Indexes for table `addmission`
--
ALTER TABLE `addmission`
  ADD PRIMARY KEY (`id`);

--
-- Indexes for table `beds`
--
ALTER TABLE `beds`
  ADD PRIMARY KEY (`id`),
  ADD KEY `beds_hostel_id_index` (`hostel_id`),
  ADD KEY `beds_room_id_index` (`room_id`);

--
-- Indexes for table `cache`
--
ALTER TABLE `cache`
  ADD PRIMARY KEY (`key`);

--
-- Indexes for table `cache_locks`
--
ALTER TABLE `cache_locks`
  ADD PRIMARY KEY (`key`);

--
-- Indexes for table `complains`
--
ALTER TABLE `complains`
  ADD PRIMARY KEY (`id`),
  ADD KEY `complains_complain_by_index` (`complain_by`);

--
-- Indexes for table `country`
--
ALTER TABLE `country`
  ADD PRIMARY KEY (`id`);

--
-- Indexes for table `courses`
--
ALTER TABLE `courses`
  ADD PRIMARY KEY (`id`);

--
-- Indexes for table `document_type`
--
ALTER TABLE `document_type`
  ADD PRIMARY KEY (`id`);

--
-- Indexes for table `failed_jobs`
--
ALTER TABLE `failed_jobs`
  ADD PRIMARY KEY (`id`),
  ADD UNIQUE KEY `failed_jobs_uuid_unique` (`uuid`);

--
-- Indexes for table `fees`
--
ALTER TABLE `fees`
  ADD PRIMARY KEY (`id`);

--
-- Indexes for table `hostels`
--
ALTER TABLE `hostels`
  ADD PRIMARY KEY (`id`);

--
-- Indexes for table `jobs`
--
ALTER TABLE `jobs`
  ADD PRIMARY KEY (`id`),
  ADD KEY `jobs_queue_index` (`queue`);

--
-- Indexes for table `job_batches`
--
ALTER TABLE `job_batches`
  ADD PRIMARY KEY (`id`);

--
-- Indexes for table `leaves`
--
ALTER TABLE `leaves`
  ADD PRIMARY KEY (`id`),
  ADD KEY `leaves_leave_apply_by_index` (`leave_apply_by`),
  ADD KEY `leaves_approve_by_index` (`approve_by`);

--
-- Indexes for table `migrations`
--
ALTER TABLE `migrations`
  ADD PRIMARY KEY (`id`);

--
-- Indexes for table `model_has_permissions`
--
ALTER TABLE `model_has_permissions`
  ADD PRIMARY KEY (`permission_id`,`model_id`,`model_type`),
  ADD KEY `model_has_permissions_model_id_model_type_index` (`model_id`,`model_type`);

--
-- Indexes for table `model_has_roles`
--
ALTER TABLE `model_has_roles`
  ADD PRIMARY KEY (`role_id`,`model_id`,`model_type`),
  ADD KEY `model_has_roles_model_id_model_type_index` (`model_id`,`model_type`);

--
-- Indexes for table `module_permission`
--
ALTER TABLE `module_permission`
  ADD PRIMARY KEY (`id`),
  ADD KEY `module_permission_role_id_foreign` (`role_id`);

--
-- Indexes for table `password_reset_tokens`
--
ALTER TABLE `password_reset_tokens`
  ADD PRIMARY KEY (`email`);

--
-- Indexes for table `permissions`
--
ALTER TABLE `permissions`
  ADD PRIMARY KEY (`id`),
  ADD UNIQUE KEY `permissions_name_guard_name_unique` (`name`,`guard_name`);

--
-- Indexes for table `roles`
--
ALTER TABLE `roles`
  ADD PRIMARY KEY (`id`),
  ADD UNIQUE KEY `roles_name_guard_name_unique` (`name`,`guard_name`);

--
-- Indexes for table `role_has_permissions`
--
ALTER TABLE `role_has_permissions`
  ADD PRIMARY KEY (`permission_id`,`role_id`),
  ADD KEY `role_has_permissions_role_id_foreign` (`role_id`);

--
-- Indexes for table `rooms`
--
ALTER TABLE `rooms`
  ADD PRIMARY KEY (`id`);

--
-- Indexes for table `sessions`
--
ALTER TABLE `sessions`
  ADD PRIMARY KEY (`id`),
  ADD KEY `sessions_user_id_index` (`user_id`),
  ADD KEY `sessions_last_activity_index` (`last_activity`);

--
-- Indexes for table `settings`
--
ALTER TABLE `settings`
  ADD PRIMARY KEY (`id`),
  ADD UNIQUE KEY `settings_key_unique` (`key`);

--
-- Indexes for table `students`
--
ALTER TABLE `students`
  ADD PRIMARY KEY (`id`),
  ADD UNIQUE KEY `students_email_unique` (`email`),
  ADD KEY `students_course_id_index` (`course_id`),
  ADD KEY `students_country_id_index` (`country_id`),
  ADD KEY `students_user_id_index` (`user_id`);

--
-- Indexes for table `student_documents`
--
ALTER TABLE `student_documents`
  ADD PRIMARY KEY (`id`),
  ADD KEY `student_documents_student_id_index` (`student_id`);

--
-- Indexes for table `student_map`
--
ALTER TABLE `student_map`
  ADD PRIMARY KEY (`id`),
  ADD KEY `student_map_bed_id_foreign` (`bed_id`),
  ADD KEY `student_map_student_id_index` (`student_id`),
  ADD KEY `student_map_addmission_id_index` (`addmission_id`),
  ADD KEY `student_map_hostel_id_index` (`hostel_id`);

--
-- Indexes for table `users`
--
ALTER TABLE `users`
  ADD PRIMARY KEY (`id`),
  ADD UNIQUE KEY `users_email_unique` (`email`);

--
-- Indexes for table `wardens`
--
ALTER TABLE `wardens`
  ADD PRIMARY KEY (`id`),
  ADD UNIQUE KEY `wardens_email_unique` (`email`),
  ADD KEY `wardens_user_id_index` (`user_id`);

--
-- AUTO_INCREMENT for dumped tables
--

--
-- AUTO_INCREMENT for table `activity_log`
--
ALTER TABLE `activity_log`
  MODIFY `id` bigint(20) UNSIGNED NOT NULL AUTO_INCREMENT, AUTO_INCREMENT=5;

--
-- AUTO_INCREMENT for table `addmission`
--
ALTER TABLE `addmission`
  MODIFY `id` bigint(20) UNSIGNED NOT NULL AUTO_INCREMENT, AUTO_INCREMENT=2;

--
-- AUTO_INCREMENT for table `beds`
--
ALTER TABLE `beds`
  MODIFY `id` bigint(20) UNSIGNED NOT NULL AUTO_INCREMENT, AUTO_INCREMENT=14;

--
-- AUTO_INCREMENT for table `complains`
--
ALTER TABLE `complains`
  MODIFY `id` bigint(20) UNSIGNED NOT NULL AUTO_INCREMENT, AUTO_INCREMENT=3;

--
-- AUTO_INCREMENT for table `country`
--
ALTER TABLE `country`
  MODIFY `id` bigint(20) UNSIGNED NOT NULL AUTO_INCREMENT, AUTO_INCREMENT=9;

--
-- AUTO_INCREMENT for table `courses`
--
ALTER TABLE `courses`
  MODIFY `id` bigint(20) UNSIGNED NOT NULL AUTO_INCREMENT, AUTO_INCREMENT=6;

--
-- AUTO_INCREMENT for table `document_type`
--
ALTER TABLE `document_type`
  MODIFY `id` bigint(20) UNSIGNED NOT NULL AUTO_INCREMENT, AUTO_INCREMENT=27;

--
-- AUTO_INCREMENT for table `failed_jobs`
--
ALTER TABLE `failed_jobs`
  MODIFY `id` bigint(20) UNSIGNED NOT NULL AUTO_INCREMENT;

--
-- AUTO_INCREMENT for table `fees`
--
ALTER TABLE `fees`
  MODIFY `id` bigint(20) UNSIGNED NOT NULL AUTO_INCREMENT, AUTO_INCREMENT=2;

--
-- AUTO_INCREMENT for table `hostels`
--
ALTER TABLE `hostels`
  MODIFY `id` bigint(20) UNSIGNED NOT NULL AUTO_INCREMENT, AUTO_INCREMENT=3;

--
-- AUTO_INCREMENT for table `jobs`
--
ALTER TABLE `jobs`
  MODIFY `id` bigint(20) UNSIGNED NOT NULL AUTO_INCREMENT;

--
-- AUTO_INCREMENT for table `leaves`
--
ALTER TABLE `leaves`
  MODIFY `id` bigint(20) UNSIGNED NOT NULL AUTO_INCREMENT, AUTO_INCREMENT=2;

--
-- AUTO_INCREMENT for table `migrations`
--
ALTER TABLE `migrations`
  MODIFY `id` int(10) UNSIGNED NOT NULL AUTO_INCREMENT, AUTO_INCREMENT=56;

--
-- AUTO_INCREMENT for table `module_permission`
--
ALTER TABLE `module_permission`
  MODIFY `id` bigint(20) UNSIGNED NOT NULL AUTO_INCREMENT, AUTO_INCREMENT=8;

--
-- AUTO_INCREMENT for table `permissions`
--
ALTER TABLE `permissions`
  MODIFY `id` bigint(20) UNSIGNED NOT NULL AUTO_INCREMENT;

--
-- AUTO_INCREMENT for table `roles`
--
ALTER TABLE `roles`
  MODIFY `id` bigint(20) UNSIGNED NOT NULL AUTO_INCREMENT, AUTO_INCREMENT=5;

--
-- AUTO_INCREMENT for table `rooms`
--
ALTER TABLE `rooms`
  MODIFY `id` bigint(20) UNSIGNED NOT NULL AUTO_INCREMENT, AUTO_INCREMENT=8;

--
-- AUTO_INCREMENT for table `settings`
--
ALTER TABLE `settings`
  MODIFY `id` bigint(20) UNSIGNED NOT NULL AUTO_INCREMENT, AUTO_INCREMENT=7;

--
-- AUTO_INCREMENT for table `students`
--
ALTER TABLE `students`
  MODIFY `id` bigint(20) UNSIGNED NOT NULL AUTO_INCREMENT, AUTO_INCREMENT=7;

--
-- AUTO_INCREMENT for table `student_documents`
--
ALTER TABLE `student_documents`
  MODIFY `id` bigint(20) UNSIGNED NOT NULL AUTO_INCREMENT, AUTO_INCREMENT=4;

--
-- AUTO_INCREMENT for table `student_map`
--
ALTER TABLE `student_map`
  MODIFY `id` bigint(20) UNSIGNED NOT NULL AUTO_INCREMENT, AUTO_INCREMENT=2;

--
-- AUTO_INCREMENT for table `users`
--
ALTER TABLE `users`
  MODIFY `id` bigint(20) UNSIGNED NOT NULL AUTO_INCREMENT, AUTO_INCREMENT=27;

--
-- AUTO_INCREMENT for table `wardens`
--
ALTER TABLE `wardens`
  MODIFY `id` bigint(20) UNSIGNED NOT NULL AUTO_INCREMENT, AUTO_INCREMENT=2;

--
-- Constraints for dumped tables
--

--
-- Constraints for table `leaves`
--
ALTER TABLE `leaves`
  ADD CONSTRAINT `leaves_approve_by_foreign` FOREIGN KEY (`approve_by`) REFERENCES `users` (`id`),
  ADD CONSTRAINT `leaves_leave_apply_by_foreign` FOREIGN KEY (`leave_apply_by`) REFERENCES `users` (`id`);

--
-- Constraints for table `model_has_permissions`
--
ALTER TABLE `model_has_permissions`
  ADD CONSTRAINT `model_has_permissions_permission_id_foreign` FOREIGN KEY (`permission_id`) REFERENCES `permissions` (`id`) ON DELETE CASCADE;

--
-- Constraints for table `model_has_roles`
--
ALTER TABLE `model_has_roles`
  ADD CONSTRAINT `model_has_roles_role_id_foreign` FOREIGN KEY (`role_id`) REFERENCES `roles` (`id`) ON DELETE CASCADE;

--
-- Constraints for table `module_permission`
--
ALTER TABLE `module_permission`
  ADD CONSTRAINT `module_permission_role_id_foreign` FOREIGN KEY (`role_id`) REFERENCES `roles` (`id`);

--
-- Constraints for table `role_has_permissions`
--
ALTER TABLE `role_has_permissions`
  ADD CONSTRAINT `role_has_permissions_permission_id_foreign` FOREIGN KEY (`permission_id`) REFERENCES `permissions` (`id`) ON DELETE CASCADE,
  ADD CONSTRAINT `role_has_permissions_role_id_foreign` FOREIGN KEY (`role_id`) REFERENCES `roles` (`id`) ON DELETE CASCADE;

--
-- Constraints for table `student_documents`
--
ALTER TABLE `student_documents`
  ADD CONSTRAINT `student_documents_student_id_foreign` FOREIGN KEY (`student_id`) REFERENCES `students` (`id`);

--
-- Constraints for table `student_map`
--
ALTER TABLE `student_map`
  ADD CONSTRAINT `student_map_addmission_id_foreign` FOREIGN KEY (`addmission_id`) REFERENCES `addmission` (`id`),
  ADD CONSTRAINT `student_map_bed_id_foreign` FOREIGN KEY (`bed_id`) REFERENCES `beds` (`id`),
  ADD CONSTRAINT `student_map_hostel_id_foreign` FOREIGN KEY (`hostel_id`) REFERENCES `hostels` (`id`),
  ADD CONSTRAINT `student_map_student_id_foreign` FOREIGN KEY (`student_id`) REFERENCES `students` (`id`);

--
-- Constraints for table `wardens`
--
ALTER TABLE `wardens`
  ADD CONSTRAINT `wardens_user_id_foreign` FOREIGN KEY (`user_id`) REFERENCES `users` (`id`);
COMMIT;

/*!40101 SET CHARACTER_SET_CLIENT=@OLD_CHARACTER_SET_CLIENT */;
/*!40101 SET CHARACTER_SET_RESULTS=@OLD_CHARACTER_SET_RESULTS */;
/*!40101 SET COLLATION_CONNECTION=@OLD_COLLATION_CONNECTION */;
